0;0;0;0;land;false;unknown;0
1;179;37;1;land;false;plains;7
2;110;14;1;land;false;plains;7
3;158;236;1;land;false;mountain;7
4;30;139;1;land;true;hills;7
5;174;238;1;land;true;plains;7
6;8;172;1;land;true;plains;7
7;236;212;1;land;true;desert;7
8;31;176;1;land;true;hills;7
9;157;52;1;land;false;plains;7
10;134;52;1;land;false;plains;7
11;146;170;1;land;true;hills;7
12;24;237;1;land;true;desert;7
13;130;241;1;land;false;hills;7
14;100;143;1;land;false;plains;7
15;62;207;1;land;false;plains;7
16;72;98;1;land;false;desert;7
17;246;212;1;land;true;plains;7
18;214;92;1;land;false;plains;7
19;22;181;1;land;false;forest;7
20;20;22;1;land;true;hills;7
21;128;4;1;land;true;plains;7
22;185;130;1;land;false;plains;7
23;119;20;1;land;false;plains;7
24;224;251;1;land;true;plains;7
25;23;206;1;land;true;plains;7
26;0;88;1;land;true;plains;7
27;211;22;1;land;true;hills;7
28;138;158;1;land;false;plains;7
29;34;88;1;land;false;hills;7
30;168;123;1;land;false;plains;7
31;133;241;1;land;false;plains;7
32;35;49;1;land;false;hills;7
33;215;90;1;land;false;plains;7
34;59;7;1;land;true;hills;7
35;48;167;1;land;false;plains;7
36;229;176;1;land;true;plains;7
37;204;30;1;land;true;jungle;7
38;142;166;1;land;true;plains;7
39;22;23;1;land;false;hills;7
40;195;186;1;land;false;plains;7
41;110;6;1;land;true;plains;7
42;224;177;1;land;false;desert;7
43;109;198;1;land;true;hills;7
44;63;224;1;land;false;plains;7
45;8;130;1;land;true;plains;7
46;108;138;1;land;true;hills;7
47;82;11;1;land;true;desert;7
48;93;126;1;land;true;forest;7
49;168;100;1;land;false;plains;7
50;56;120;1;land;false;plains;7
51;53;3;1;land;true;plains;7
52;88;107;1;land;true;hills;7
53;15;213;1;land;true;plains;7
54;133;222;1;land;true;hills;7
55;70;88;1;land;true;plains;7
56;151;69;1;land;true;hills;7
57;214;245;1;land;false;plains;7
58;123;1;1;land;false;desert;7
59;120;192;1;land;true;jungle;7
60;244;202;1;land;true;hills;7
61;105;200;1;land;false;plains;7
62;123;77;1;land;false;plains;7
63;30;140;1;land;true;plains;7
64;233;21;1;land;true;plains;7
65;67;253;1;land;false;plains;7
66;246;163;1;land;true;jungle;7
67;10;84;1;land;false;plains;7
68;5;61;1;land;false;plains;7
69;209;224;1;land;false;desert;7
70;215;100;1;land;true;hills;7
71;176;189;1;land;true;plains;7
72;74;94;1;land;false;plains;7
73;188;219;1;land;true;plains;7
74;53;176;1;land;true;plains;7
75;35;80;1;land;true;forest;7
76;209;205;1;land;true;plains;7
77;52;221;1;land;false;plains;7
78;175;204;1;land;false;desert;7
79;172;127;1;land;false;plains;7
80;88;212;1;land;true;plains;7
81;245;254;1;land;true;forest;7
82;128;159;1;land;false;hills;7
83;69;59;1;land;false;plains;7
84;21;205;1;land;true;plains;7
85;56;104;1;land;true;mountain;7
86;63;149;1;land;true;hills;7
87;137;44;1;land;true;plains;7
88;146;117;1;land;false;plains;7
89;118;46;1;land;true;forest;7
90;52;128;1;land;false;forest;7
91;121;13;1;land;true;forest;7
92;40;221;1;land;false;desert;7
93;181;83;1;land;true;plains;7
94;27;100;1;land;true;plains;7
95;26;78;1;land;false;forest;7
96;151;251;1;land;true;hills;7
97;59;155;1;land;true;hills;7
98;216;99;1;land;true;hills;7
99;133;32;1;land;true;desert;7
100;16;183;1;land;false;desert;7
101;74;13;1;land;false;plains;7
102;35;193;1;land;false;plains;7
103;98;47;1;land;true;plains;7
104;59;25;1;land;false;mountain;7
105;119;96;1;land;true;mountain;7
106;124;174;1;land;false;hills;7
107;99;16;1;land;true;plains;7
108;42;142;1;land;false;forest;7
109;185;110;1;land;true;hills;7
110;184;198;1;land;true;plains;7
111;70;16;1;land;false;plains;7
112;174;237;1;land;true;plains;7
113;112;78;1;land;true;hills;7
114;142;218;1;land;false;hills;7
115;95;199;1;land;true;mountain;7
116;6;93;1;land;false;plains;7
117;31;224;1;land;false;plains;7
118;180;183;1;land;false;plains;7
119;35;175;1;land;false;hills;7
120;228;48;1;land;false;plains;7
121;164;169;1;land;true;plains;7
122;162;43;1;land;false;plains;7
123;17;1;1;land;false;desert;7
124;199;16;1;land;true;plains;7
125;136;154;1;land;true;hills;7
126;172;195;1;land;false;forest;7
127;83;183;1;land;true;plains;7
128;83;68;1;land;false;plains;7
129;123;208;1;land;false;plains;7
130;31;195;1;land;true;jungle;7
131;216;137;1;land;true;hills;7
132;179;1;1;land;false;plains;7
133;46;225;1;land;false;plains;7
134;228;113;1;land;true;plains;7
135;212;222;1;land;false;plains;7
136;218;154;1;land;false;plains;7
137;193;250;1;land;false;forest;7
138;183;112;1;land;false;plains;7
139;9;209;1;land;false;plains;7
140;197;87;1;land;true;plains;7
141;110;103;1;land;false;desert;7
142;253;88;1;land;true;plains;7
143;95;19;1;land;false;plains;7
144;85;168;1;land;true;plains;7
145;2;35;1;land;false;plains;7
146;25;72;1;land;true;plains;7
147;107;220;1;land;false;hills;7
148;110;72;1;land;true;plains;7
149;235;70;1;land;true;plains;7
150;68;60;1;land;true;plains;7
151;202;12;1;land;true;plains;7
152;242;198;1;land;false;desert;7
153;231;210;1;land;true;plains;7
154;0;234;1;land;true;jungle;7
155;225;244;1;land;false;desert;7
156;205;67;1;land;false;desert;7
157;110;48;1;land;false;mountain;7
158;161;215;1;land;false;plains;7
159;154;169;1;land;false;plains;7
160;76;31;1;land;true;plains;7
161;31;73;1;land;false;mountain;7
162;195;249;1;land;true;plains;7
163;205;139;1;land;false;plains;7
164;75;246;1;land;false;plains;7
165;205;148;1;land;true;plains;7
166;13;137;1;land;true;hills;7
167;170;134;1;land;true;plains;7
168;70;31;1;land;false;plains;7
169;82;168;1;land;false;mountain;7
170;24;64;1;land;true;plains;7
171;113;153;1;land;false;desert;7
172;124;45;1;land;true;plains;7
173;34;148;1;land;false;plains;7
174;12;28;1;land;false;plains;7
175;26;125;1;land;true;plains;7
176;85;32;1;land;true;plains;7
177;216;123;1;land;false;plains;7
178;213;27;1;land;true;hills;7
179;34;116;1;land;true;plains;7
180;192;230;1;land;true;plains;7
181;219;192;1;land;true;hills;7
182;208;49;1;land;false;plains;7
183;163;61;1;land;true;plains;7
184;5;33;1;land;true;plains;7
185;60;97;1;land;false;plains;7
186;205;220;1;land;true;hills;7
187;15;159;1;land;true;plains;7
188;222;177;1;land;true;plains;7
189;97;16;1;land;false;forest;7
190;189;232;1;land;false;plains;7
191;121;108;1;land;false;plains;7
192;9;170;1;land;true;jungle;7
193;130;247;1;land;true;plains;7
194;27;131;1;land;true;hills;7
195;49;8;1;land;false;plains;7
196;80;56;1;land;false;hills;7
197;250;118;1;land;false;forest;7
198;119;59;1;land;true;plains;7
199;9;198;1;land;true;desert;7
200;98;38;1;land;true;plains;7
201;55;230;1;land;false;plains;7
202;242;235;1;land;true;plains;7
203;115;112;1;land;false;hills;7
204;45;53;1;land;false;plains;7
205;207;83;1;land;false;plains;7
206;82;42;1;land;false;plains;7
207;122;182;1;land;false;plains;7
208;254;102;1;land;false;hills;7
209;139;193;1;land;false;plains;7
210;4;50;1;land;false;plains;7
211;128;9;1;land;false;plains;7
212;41;129;1;land;false;plains;7
213;40;219;1;land;true;plains;7
214;190;111;1;land;true;hills;7
215;207;212;1;land;false;plains;7
216;108;71;1;land;false;plains;7
217;134;234;1;land;true;plains;7
218;108;119;1;land;false;plains;7
219;16;150;1;land;false;hills;7
220;23;62;1;land;false;plains;7
221;79;151;1;land;false;plains;7
222;75;102;1;land;false;hills;7
223;250;94;1;land;false;plains;7
224;128;173;1;land;true;forest;7
225;113;1;1;land;true;plains;7
226;227;180;1;land;true;plains;7
227;15;20;1;land;true;plains;7
228;144;130;1;land;true;mountain;7
229;74;125;1;land;false;plains;7
230;68;28;1;land;true;plains;7
231;81;6;1;land;false;hills;7
232;17;41;1;land;true;plains;7
233;85;152;1;land;true;hills;7
234;109;5;1;land;false;plains;7
235;202;0;1;land;true;plains;7
236;77;235;1;land;false;plains;7
237;200;79;1;land;false;plains;7
238;94;179;1;land;false;plains;7
239;183;118;1;land;false;desert;7
240;98;197;1;land;false;plains;7
241;96;114;1;land;true;plains;7
242;238;93;1;land;true;plains;7
243;160;110;1;land;true;plains;7
244;7;164;1;land;false;forest;7
245;47;27;1;land;false;hills;7
246;32;216;1;land;true;plains;7
247;26;19;1;land;true;plains;7
248;168;128;1;land;false;forest;7
249;193;45;1;land;true;plains;7
250;223;182;1;land;false;plains;7
251;193;169;1;land;true;desert;7
252;82;137;1;land;true;plains;7
253;232;23;1;land;false;plains;7
254;198;28;1;land;false;plains;7
255;29;237;1;land;true;forest;7
256;15;158;1;land;true;hills;7
257;165;227;1;land;false;plains;7
258;30;164;1;land;false;plains;7
259;189;102;1;land;false;desert;7
260;54;18;1;land;false;forest;7
261;242;127;1;land;true;plains;7
262;15;209;1;land;false;plains;7
263;46;74;1;land;false;plains;7
264;234;71;1;land;false;plains;7
265;147;120;1;land;true;hills;7
266;18;122;1;land;false;plains;7
267;104;221;1;land;true;plains;7
268;222;80;1;land;true;hills;7
269;102;68;1;land;false;plains;7
270;134;152;1;land;false;plains;7
271;230;142;1;land;true;jungle;7
272;17;126;1;land;false;plains;7
273;0;33;1;land;false;plains;7
274;212;117;1;land;true;plains;7
275;5;81;1;land;false;desert;7
276;144;227;1;land;false;forest;7
277;72;68;1;land;false;hills;7
278;56;191;1;land;false;plains;7
279;70;229;1;land;true;desert;7
280;2;32;1;land;true;hills;7
281;83;131;1;land;true;hills;7
282;115;246;1;land;false;forest;7
283;161;178;1;land;false;plains;7
284;98;51;1;land;true;plains;7
285;108;229;1;land;true;jungle;7
286;184;10;1;land;false;plains;7
287;175;166;1;land;false;plains;7
288;134;100;1;land;false;plains;7
289;137;186;1;land;true;desert;7
290;48;25;1;land;false;plains;7
291;72;166;1;land;false;jungle;7
292;159;12;1;land;false;plains;7
293;79;193;1;land;false;mountain;7
294;145;33;1;land;true;mountain;7
295;83;161;1;land;false;plains;7
296;127;252;1;land;false;plains;7
297;150;144;1;land;true;forest;7
298;223;135;1;land;true;plains;7
299;157;148;1;land;false;plains;7
300;104;195;1;land;false;plains;7
301;164;185;1;land;false;jungle;7
302;163;7;1;land;false;plains;7
303;209;232;1;land;true;plains;7
304;230;138;1;land;false;plains;7
305;194;244;1;land;true;plains;7
306;8;244;1;land;false;plains;7
307;6;88;1;land;false;plains;7
308;187;138;1;land;true;plains;7
309;226;52;1;land;false;desert;7
310;71;33;1;land;true;plains;7
311;25;122;1;land;true;plains;7
312;34;52;1;land;false;plains;7
313;73;178;1;land;true;plains;7
314;118;26;1;land;false;hills;7
315;98;34;1;land;false;hills;7
316;176;36;1;land;false;plains;7
317;105;175;1;land;false;urban;7
318;134;253;1;land;true;plains;7
319;25;240;1;land;false;hills;7
320;3;123;1;land;true;plains;7
321;143;122;1;land;true;forest;7
322;72;250;1;land;true;hills;7
323;108;90;1;land;false;plains;7
324;167;86;1;land;false;plains;7
325;140;190;1;land;false;forest;7
326;131;103;1;land;true;plains;7
327;71;245;1;land;true;plains;7
328;54;126;1;land;false;plains;7
329;201;197;1;land;true;hills;7
330;127;243;1;land;false;desert;7
331;217;199;1;land;false;desert;7
332;192;18;1;land;true;plains;7
333;196;27;1;land;false;plains;7
334;77;214;1;land;false;plains;7
335;59;149;1;land;true;plains;7
336;0;124;1;land;false;desert;7
337;105;235;1;land;true;jungle;7
338;64;202;1;land;true;plains;7
339;119;51;1;land;true;plains;7
340;91;196;1;land;true;hills;7
341;4;23;1;land;false;plains;7
342;142;106;1;land;true;plains;7
343;166;94;1;land;true;plains;7
344;112;104;1;land;true;plains;7
345;185;207;1;land;false;plains;7
346;134;137;1;land;true;mountain;7
347;130;34;1;land;false;plains;7
348;89;187;1;land;false;plains;7
349;213;8;1;land;false;hills;7
350;162;178;1;land;false;plains;7
351;242;120;1;land;false;desert;7
352;218;210;1;land;false;plains;7
353;176;61;1;land;true;mountain;7
354;151;194;1;land;true;mountain;7
355;135;23;1;land;true;desert;7
356;171;203;1;land;false;plains;7
357;243;121;1;land;true;plains;7
358;168;25;1;land;true;plains;7
359;40;202;1;land;true;forest;7
360;10;92;1;land;false;mountain;7
361;217;233;1;land;true;plains;7
362;82;102;1;land;true;plains;7
363;78;94;1;land;true;plains;7
364;150;211;1;land;false;jungle;7
365;44;149;1;land;false;plains;7
366;13;150;1;land;true;hills;7
367;101;176;1;land;true;mountain;7
368;44;126;1;land;false;desert;7
369;98;131;1;land;false;hills;7
370;99;40;1;land;true;plains;7
371;103;111;1;land;false;desert;7
372;126;0;1;land;true;jungle;7
373;133;34;1;land;true;plains;7
374;46;207;1;land;false;plains;7
375;65;21;1;land;false;plains;7
376;75;241;1;land;false;plains;7
377;81;251;1;land;false;plains;7
378;149;212;1;land;true;forest;7
379;178;111;1;land;false;desert;7
380;154;124;1;land;true;plains;7
381;150;221;1;land;true;plains;7
382;195;244;1;land;false;forest;7
383;208;119;1;land;false;forest;7
384;229;177;1;land;false;plains;7
385;189;61;1;land;false;plains;7
386;251;199;1;land;false;plains;7
387;164;51;1;land;false;plains;7
388;6;118;1;land;true;forest;7
389;27;12;1;land;false;plains;7
390;112;179;1;land;true;plains;7
391;103;233;1;land;false;plains;7
392;64;31;1;land;true;hills;7
393;217;139;1;land;true;desert;7
394;122;215;1;land;true;plains;7
395;136;199;1;land;false;plains;7
396;162;202;1;land;true;plains;7
397;33;70;1;land;false;plains;7
398;170;184;1;land;false;plains;7
399;35;13;1;land;false;forest;7
400;65;222;1;land;false;plains;7
401;30;220;1;land;false;plains;7
402;184;113;1;land;false;hills;7
403;223;30;1;land;false;plains;7
404;154;151;1;land;true;plains;7
405;237;78;1;land;true;plains;7
406;131;148;1;land;false;plains;7
407;115;56;1;land;false;plains;7
408;7;171;1;land;true;plains;7
409;15;206;1;land;true;plains;7
410;149;23;1;land;true;hills;7
411;160;44;1;land;false;plains;7
412;201;55;1;land;false;plains;7
413;176;16;1;land;true;plains;7
414;85;136;1;land;false;plains;7
415;235;162;1;land;false;plains;7
416;117;26;1;land;false;plains;7
417;221;147;1;land;true;forest;7
418;114;0;1;land;false;plains;7
419;203;230;1;land;false;forest;7
420;219;122;1;land;true;plains;7
421;190;78;1;land;true;plains;7
422;13;29;1;land;true;hills;7
423;171;192;1;land;false;hills;7
424;179;177;1;land;true;hills;7
425;60;40;1;land;true;plains;7
426;20;169;1;land;false;desert;7
427;212;62;1;land;false;plains;7
428;21;220;1;land;true;plains;7
429;51;172;1;land;true;plains;7
430;13;15;1;land;false;plains;7
431;106;128;1;land;false;plains;7
432;36;49;1;land;false;mountain;7
433;223;153;1;land;false;hills;7
434;59;215;1;land;false;desert;7
435;103;197;1;land;false;plains;7
436;54;242;1;land;false;plains;7
437;132;112;1;land;true;hills;7
438;214;67;1;land;true;plains;7
439;96;199;1;land;false;hills;7
440;138;146;1;land;true;plains;7
441;53;108;1;land;false;plains;7
442;139;79;1;land;false;plains;7
443;84;37;1;land;true;hills;7
444;171;52;1;land;true;forest;7
445;249;218;1;land;true;plains;7
446;81;181;1;land;true;mountain;7
447;158;32;1;land;false;desert;7
448;26;46;1;land;false;plains;7
449;63;10;1;land;false;plains;7
450;249;138;1;land;false;hills;7
451;50;57;1;land;true;plains;7
452;118;183;1;land;true;plains;7
453;3;87;1;land;true;plains;7
454;211;210;1;land;true;plains;7
455;22;83;1;land;true;plains;7
456;39;251;1;land;true;plains;7
457;216;37;1;land;true;plains;7
458;238;46;1;land;false;plains;7
459;41;242;1;land;true;plains;7
460;175;155;1;land;false;plains;7
461;5;213;1;land;false;plains;7
462;204;50;1;land;false;plains;7
463;149;43;1;land;true;plains;7
464;34;145;1;land;true;plains;7
465;159;55;1;land;false;plains;7
466;244;25;1;land;false;plains;7
467;131;203;1;land;true;forest;7
468;82;152;1;land;true;hills;7
469;75;197;1;land;false;plains;7
470;146;109;1;land;false;plains;7
471;218;184;1;land;true;hills;7
472;129;54;1;land;false;forest;7
473;53;140;1;land;true;plains;7
474;239;246;1;land;false;plains;7
475;73;87;1;land;false;plains;7
476;220;219;1;land;false;plains;7
477;30;88;1;land;false;plains;7
478;109;222;1;land;true;plains;7
479;202;238;1;land;true;jungle;7
480;53;63;1;land;true;plains;7
481;226;165;1;land;false;plains;7
482;4;132;1;land;false;plains;7
483;31;214;1;land;false;forest;7
484;36;51;1;land;false;plains;7
485;222;1;1;land;false;plains;7
486;106;11;1;land;true;hills;7
487;174;165;1;land;true;plains;7
488;239;110;1;land;true;desert;7
489;118;217;1;land;false;forest;7
490;229;11;1;land;true;plains;7
491;203;135;1;land;false;desert;7
492;26;241;1;land;false;plains;7
493;220;123;1;land;false;plains;7
494;190;46;1;land;false;forest;7
495;47;24;1;land;false;mountain;7
496;242;2;1;land;true;plains;7
497;147;244;1;land;false;plains;7
498;76;136;1;land;false;plains;7
499;219;185;1;land;true;hills;7
500;155;109;1;land;true;plains;7
501;222;225;1;land;false;plains;7
502;193;200;1;land;false;desert;7
503;39;197;1;land;false;desert;7
504;147;29;1;land;true;plains;7
505;35;207;1;land;false;desert;7
506;130;98;1;land;false;forest;7
507;65;177;1;land;false;forest;7
508;227;52;1;land;false;hills;7
509;109;43;1;land;false;forest;7
510;186;130;1;land;true;hills;7
511;230;49;1;land;true;plains;7
512;61;203;1;land;false;plains;7
513;150;114;1;land;false;plains;7
514;49;79;1;land;true;plains;7
515;50;168;1;land;true;plains;7
516;212;63;1;land;true;plains;7
517;238;76;1;land;true;desert;7
518;9;231;1;land;false;forest;7
519;174;129;1;land;false;jungle;7
520;50;8;1;land;true;plains;7
521;80;121;1;land;true;desert;7
522;188;246;1;land;false;plains;7
523;253;7;1;land;true;plains;7
524;89;223;1;land;false;plains;7
525;18;98;1;land;true;desert;7
526;109;165;1;land;false;forest;7
527;166;27;1;land;false;plains;7
528;20;117;1;land;true;forest;7
529;238;42;1;land;true;hills;7
530;21;198;1;land;true;plains;7
531;172;112;1;land;true;jungle;7
532;249;188;1;land;false;plains;7
533;1;222;1;land;false;plains;7
534;47;226;1;land;false;desert;7
535;191;215;1;land;true;plains;7
536;37;33;1;land;true;desert;7
537;74;48;1;land;false;plains;7
538;78;211;1;land;false;plains;7
539;188;40;1;land;false;plains;7
540;215;215;1;land;true;hills;7
541;166;193;1;land;true;desert;7
542;41;131;1;land;true;plains;7
543;210;216;1;land;true;plains;7
544;199;68;1;land;false;plains;7
545;29;70;1;land;true;hills;7
546;120;4;1;land;false;hills;7
547;122;77;1;land;false;plains;7
548;159;205;1;land;true;hills;7
549;67;192;1;land;true;hills;7
550;217;57;1;land;false;plains;7
551;35;40;1;land;false;plains;7
552;137;1;1;land;true;plains;7
553;119;113;1;land;false;plains;7
554;21;254;1;land;false;plains;7
555;32;193;1;land;true;plains;7
556;38;84;1;land;true;plains;7
557;232;37;1;land;true;jungle;7
558;79;181;1;land;false;hills;7
559;30;174;1;land;true;plains;7
560;171;65;1;land;false;plains;7
561;207;3;1;land;false;plains;7
562;97;49;1;land;true;plains;7
563;52;8;1;land;false;plains;7
564;130;135;1;land;true;hills;7
565;206;218;1;land;false;plains;7
566;169;57;1;land;false;plains;7
567;241;164;1;land;false;plains;7
568;124;247;1;land;false;hills;7
569;111;0;1;land;false;plains;7
570;125;21;1;land;false;jungle;7
571;165;149;1;land;false;desert;7
572;21;240;1;land;true;plains;7
573;154;157;1;land;false;plains;7
574;178;237;1;land;true;plains;7
575;6;79;1;land;false;plains;7
576;122;108;1;land;true;plains;7
577;126;193;1;land;false;plains;7
578;190;66;1;land;true;plains;7
579;165;222;1;land;false;plains;7
580;182;214;1;land;false;plains;7
581;145;128;1;land;false;plains;7
582;228;197;1;land;true;plains;7
583;35;57;1;land;false;mountain;7
584;120;129;1;land;true;plains;7
585;242;30;1;land;false;forest;7
586;37;83;1;land;false;plains;7
587;78;210;1;land;false;plains;7
588;32;97;1;land;true;plains;7
589;5;144;1;land;true;plains;7
590;238;103;1;land;false;plains;7
591;236;110;1;land;false;hills;7
592;104;175;1;land;true;mountain;7
593;232;202;1;land;false;desert;7
594;192;7;1;land;true;mountain;7
595;27;214;1;land;false;jungle;7
596;195;240;1;land;false;plains;7
597;56;82;1;land;false;desert;7
598;7;4;1;land;true;plains;7
599;199;86;1;land;true;plains;7
600;196;126;1;land;false;mountain;7
601;111;72;1;land;false;desert;7
602;117;94;1;land;false;plains;7
603;157;108;1;land;false;plains;7
604;151;234;1;land;true;hills;7
605;195;243;1;land;false;hills;7
606;116;224;1;land;true;plains;7
607;61;215;1;land;false;plains;7
608;120;37;1;land;false;mountain;7
609;188;159;1;land;true;hills;7
610;252;51;1;land;false;plains;7
611;45;85;1;land;false;plains;7
612;92;161;1;land;false;desert;7
613;142;93;1;land;false;jungle;7
614;99;156;1;land;true;hills;7
615;195;114;1;land;false;forest;7
616;236;109;1;land;true;hills;7
617;29;140;1;land;false;plains;7
618;96;8;1;land;false;hills;7
619;6;203;1;land;false;plains;7
620;42;217;1;land;false;plains;7
621;210;170;1;land;false;plains;7
622;54;206;1;land;false;desert;7
623;54;52;1;land;false;desert;7
624;122;142;1;land;false;plains;7
625;169;225;1;land;false;plains;7
626;161;56;1;land;false;plains;7
627;248;29;1;land;false;plains;7
628;135;150;1;land;true;hills;7
629;218;22;1;land;false;mountain;7
630;86;105;1;land;false;plains;7
631;37;36;1;land;false;plains;7
632;132;139;1;land;false;forest;7
633;173;189;1;land;false;plains;7
634;65;184;1;land;true;plains;7
635;234;68;1;land;true;mountain;7
636;130;172;1;land;false;plains;7
637;154;177;1;land;false;plains;7
638;44;155;1;land;true;plains;7
639;167;3;1;land;false;jungle;7
640;130;73;1;land;false;plains;7
641;168;211;1;land;true;forest;7
642;91;127;1;land;false;desert;7
643;115;73;1;land;false;plains;7
644;155;201;1;land;false;plains;7
645;198;254;1;land;false;forest;7
646;217;195;1;land;true;plains;7
647;211;30;1;land;false;plains;7
648;111;250;1;land;false;desert;7
649;44;65;1;land;true;plains;7
650;211;54;1;land;true;plains;7
651;224;104;1;land;false;mountain;7
652;202;44;1;land;false;plains;7
653;218;148;1;land;true;plains;7
654;10;58;1;land;true;forest;7
655;135;176;1;land;false;hills;7
656;105;145;1;land;false;hills;7
657;212;229;1;land;true;plains;7
658;62;173;1;land;false;plains;7
659;61;38;1;land;true;hills;7
660;98;175;1;land;false;plains;7
661;188;178;1;land;true;forest;7
662;204;13;1;land;true;plains;7
663;172;126;1;land;false;plains;7
664;171;123;1;land;false;hills;7
665;168;235;1;land;true;forest;7
666;24;34;1;land;false;desert;7
667;53;195;1;land;true;urban;7
668;115;204;1;land;false;plains;7
669;79;128;1;land;false;plains;7
670;15;60;1;land;true;plains;7
671;31;52;1;land;true;forest;7
672;192;194;1;land;false;hills;7
673;124;214;1;land;false;plains;7
674;100;100;1;land;false;plains;7
675;134;219;1;land;false;hills;7
676;86;76;1;land;false;plains;7
677;144;40;1;land;false;hills;7
678;12;94;1;land;false;forest;7
679;58;37;1;land;true;plains;7
680;163;71;1;land;false;hills;7
681;207;125;1;land;true;hills;7
682;30;1;1;land;true;desert;7
683;96;218;1;land;true;plains;7
684;180;126;1;land;true;jungle;7
685;9;79;1;land;false;plains;7
686;24;173;1;land;false;desert;7
687;193;128;1;land;false;desert;7
688;230;81;1;land;false;plains;7
689;64;141;1;land;true;desert;7
690;176;96;1;land;false;plains;7
691;217;214;1;land;false;plains;7
692;227;143;1;land;true;plains;7
693;88;81;1;land;false;plains;7
694;12;220;1;land;false;plains;7
695;171;61;1;land;false;hills;7
696;129;80;1;land;true;plains;7
697;207;81;1;land;false;forest;7
698;178;166;1;land;true;plains;7
699;77;46;1;land;false;plains;7
700;48;100;1;land;false;plains;7
701;218;181;1;land;false;plains;7
702;35;229;1;land;false;plains;7
703;56;61;1;land;false;plains;7
704;157;41;1;land;false;plains;7
705;37;158;1;land;false;forest;7
706;10;198;1;land;false;forest;7
707;40;38;1;land;true;plains;7
708;203;74;1;land;false;plains;7
709;205;33;1;land;true;plains;7
710;88;80;1;land;false;plains;7
711;83;214;1;land;false;plains;7
712;78;91;1;land;false;plains;7
713;98;153;1;land;false;plains;7
714;243;108;1;land;false;plains;7
715;41;136;1;land;true;plains;7
716;13;186;1;land;false;desert;7
717;92;205;1;land;false;plains;7
718;204;27;1;land;false;forest;7
719;215;210;1;land;false;forest;7
720;113;203;1;land;true;plains;7
721;125;159;1;land;false;plains;7
722;162;128;1;land;true;plains;7
723;84;38;1;land;false;desert;7
724;39;48;1;land;false;hills;7
725;55;9;1;land;false;plains;7
726;129;37;1;land;true;forest;7
727;31;133;1;land;false;hills;6
728;179;136;1;land;true;jungle;6
729;80;34;1;land;false;plains;6
730;106;117;1;land;true;forest;6
731;183;76;1;land;true;plains;6
732;44;91;1;land;false;plains;6
733;198;59;1;land;false;plains;6
734;64;193;1;land;false;plains;6
735;60;144;1;land;false;plains;6
736;159;91;1;land;false;plains;6
737;150;76;1;land;true;mountain;6
738;143;167;1;land;false;plains;6
739;173;21;1;land;true;mountain;6
740;91;159;1;land;false;plains;6
741;201;233;1;land;true;plains;6
742;49;92;1;land;true;forest;6
743;200;46;1;land;true;forest;6
744;116;201;1;land;true;plains;6
745;216;192;1;land;true;mountain;6
746;213;204;1;land;true;hills;6
747;197;213;1;land;true;plains;6
748;248;159;1;land;false;hills;6
749;212;22;1;land;true;plains;6
750;76;142;1;land;true;hills;6
751;135;112;1;land;false;urban;6
752;253;146;1;land;true;plains;6
753;103;22;1;land;false;plains;6
754;32;169;1;land;true;hills;6
755;167;188;1;land;true;plains;6
756;72;169;1;land;false;plains;6
757;74;216;1;land;false;plains;6
758;7;82;1;land;false;plains;6
759;120;48;1;land;true;plains;6
760;224;57;1;land;false;plains;6
761;57;221;1;land;false;plains;6
762;209;176;1;land;false;plains;6
763;113;159;1;land;false;plains;6
764;106;107;1;land;false;plains;6
765;191;21;1;land;true;plains;6
766;168;28;1;land;false;plains;6
767;47;117;1;land;true;plains;6
768;190;123;1;land;false;plains;6
769;32;170;1;land;true;hills;6
770;187;75;1;land;true;plains;6
771;4;60;1;land;false;plains;6
772;244;73;1;land;false;plains;6
773;235;107;1;land;false;desert;6
774;165;51;1;land;true;hills;6
775;55;28;1;land;false;hills;6
776;183;244;1;land;true;hills;6
777;15;169;1;land;false;hills;6
778;222;230;1;land;false;plains;6
779;254;170;1;land;true;plains;6
780;215;232;1;land;true;plains;6
781;175;127;1;land;false;plains;6
782;111;30;1;land;true;jungle;6
783;44;195;1;land;false;plains;6
784;196;127;1;land;true;plains;6
785;129;214;1;land;true;plains;6
786;65;88;1;land;false;plains;6
787;8;179;1;land;false;plains;6
788;59;83;1;land;false;plains;6
789;248;20;1;land;true;plains;6
790;73;245;1;land;false;forest;6
791;84;122;1;land;false;plains;6
792;66;24;1;land;true;plains;6
793;78;126;1;land;false;plains;6
794;197;37;1;land;true;forest;6
795;138;142;1;land;false;plains;6
796;66;51;1;land;false;plains;6
797;137;215;1;land;true;plains;6
798;251;105;1;land;false;plains;6
799;239;179;1;land;false;hills;6
800;232;72;1;land;false;plains;6
801;165;15;1;land;true;plains;6
802;36;0;1;land;true;plains;6
803;133;47;1;land;true;plains;6
804;219;196;1;land;true;hills;6
805;40;180;1;land;false;plains;6
806;223;219;1;land;true;hills;6
807;20;189;1;land;true;plains;6
808;198;99;1;land;true;plains;6
809;31;232;1;land;true;plains;6
810;123;197;1;land;true;mountain;6
811;158;21;1;land;false;plains;6
812;29;179;1;land;true;plains;6
813;117;185;1;land;false;plains;6
814;107;34;1;land;false;plains;6
815;177;20;1;land;true;plains;6
816;134;138;1;land;false;plains;6
817;12;79;1;land;false;plains;6
818;27;42;1;land;false;plains;6
819;127;212;1;land;true;forest;6
820;160;51;1;land;false;jungle;6
821;56;85;1;land;true;hills;6
822;212;130;1;land;false;plains;6
823;237;146;1;land;true;mountain;6
824;221;125;1;land;false;plains;6
825;82;169;1;land;false;plains;6
826;9;174;1;land;false;plains;6
827;175;62;1;land;false;plains;6
828;180;134;1;land;true;plains;6
829;80;167;1;land;true;plains;6
830;30;229;1;land;true;plains;6
831;148;74;1;land;false;plains;6
832;87;166;1;land;false;plains;6
833;129;83;1;land;false;hills;6
834;37;206;1;land;true;plains;6
835;83;169;1;land;false;plains;6
836;148;118;1;land;false;plains;6
837;174;38;1;land;false;plains;6
838;146;50;1;land;true;plains;6
839;8;62;1;land;true;plains;6
840;206;182;1;land;false;plains;6
841;237;223;1;land;true;plains;6
842;147;250;1;land;true;plains;6
843;208;138;1;land;false;hills;6
844;254;208;1;land;false;plains;6
845;22;92;1;land;true;plains;6
846;143;38;1;land;true;mountain;6
847;199;165;1;land;false;jungle;6
848;217;64;1;land;true;plains;6
849;147;184;1;land;false;plains;6
850;198;167;1;land;false;plains;6
851;94;30;1;land;false;plains;6
852;250;43;1;land;true;plains;6
853;107;145;1;land;false;plains;6
854;151;0;1;land;false;plains;6
855;55;217;1;land;false;plains;6
856;225;205;1;land;false;plains;6
857;78;203;1;land;true;plains;6
858;199;69;1;land;true;plains;6
859;137;73;1;land;true;plains;6
860;222;107;1;land;true;plains;6
861;236;220;1;land;true;plains;6
862;218;101;1;land;true;plains;6
863;147;189;1;land;true;plains;6
864;124;12;1;land;false;plains;6
865;115;93;1;land;false;plains;6
866;16;117;1;land;true;plains;6
867;179;206;1;land;true;mountain;6
868;176;170;1;land;true;plains;6
869;104;140;1;land;false;plains;6
870;179;90;1;land;true;plains;6
871;192;122;1;land;false;plains;6
872;136;52;1;land;false;plains;6
873;186;238;1;land;false;plains;6
874;98;19;1;land;true;plains;6
875;25;146;1;land;false;plains;6
876;100;124;1;land;false;plains;6
877;48;125;1;land;false;hills;6
878;111;195;1;land;false;jungle;6
879;90;97;1;land;true;mountain;6
880;27;87;1;land;true;plains;6
881;184;64;1;land;true;plains;6
882;70;146;1;land;false;plains;6
883;20;250;1;land;false;plains;6
884;27;242;1;land;false;mountain;6
885;192;63;1;land;false;plains;6
886;58;60;1;land;true;plains;6
887;221;167;1;land;true;hills;6
888;234;18;1;land;false;forest;6
889;231;55;1;land;true;plains;6
890;220;155;1;land;false;plains;6
891;42;241;1;land;false;plains;6
892;96;238;1;land;false;plains;6
893;102;55;1;land;true;plains;6
894;5;118;1;land;false;forest;6
895;106;91;1;land;true;hills;6
896;61;153;1;land;true;forest;6
897;179;25;1;land;true;plains;6
898;183;83;1;land;false;plains;6
899;164;54;1;land;false;plains;6
900;99;14;1;land;false;plains;6
901;212;148;1;land;false;plains;6
902;185;232;1;land;true;hills;6
903;171;106;1;land;true;plains;6
904;126;221;1;land;false;plains;6
905;185;196;1;land;true;plains;6
906;3;74;1;land;true;jungle;6
907;48;142;1;land;false;plains;6
908;63;163;1;land;false;plains;6
909;14;63;1;land;false;plains;6
910;236;234;1;land;false;plains;6
911;202;90;1;land;false;forest;6
912;47;155;1;land;true;forest;6
913;10;23;1;land;true;plains;6
914;98;156;1;land;false;plains;6
915;135;151;1;land;false;plains;6
916;137;156;1;land;true;plains;6
917;168;151;1;land;true;plains;6
918;160;240;1;land;false;forest;6
919;150;88;1;land;false;plains;6
920;158;68;1;land;true;plains;6
921;231;33;1;land;false;hills;6
922;218;135;1;land;true;plains;6
923;21;14;1;land;false;plains;6
924;246;5;1;land;true;hills;6
925;236;139;1;land;true;hills;6
926;109;71;1;land;true;plains;6
927;104;193;1;land;false;plains;6
928;77;142;1;land;false;plains;6
929;21;245;1;land;true;mountain;6
930;31;161;1;land;true;plains;6
931;90;225;1;land;false;hills;6
932;67;152;1;land;false;plains;6
933;146;221;1;land;true;plains;6
934;248;74;1;land;true;plains;6
935;207;35;1;land;false;urban;6
936;128;66;1;land;false;forest;6
937;108;134;1;land;true;plains;6
938;34;196;1;land;true;hills;6
939;192;52;1;land;true;plains;6
940;238;240;1;land;false;desert;6
941;164;68;1;land;false;plains;6
942;244;143;1;land;false;plains;6
943;30;145;1;land;true;plains;6
944;16;230;1;land;false;plains;6
945;19;228;1;land;true;plains;6
946;250;75;1;land;false;plains;6
947;32;26;1;land;true;hills;6
948;231;67;1;land;true;hills;6
949;212;162;1;land;false;hills;6
950;65;24;1;land;false;forest;6
951;69;35;1;land;false;plains;6
952;81;245;1;land;false;plains;6
953;31;88;1;land;false;plains;6
954;0;187;1;land;false;plains;6
955;32;155;1;land;false;plains;6
956;76;46;1;land;false;forest;6
957;148;3;1;land;true;plains;6
958;176;80;1;land;true;desert;6
959;167;150;1;land;true;plains;6
960;162;223;1;land;true;plains;6
961;163;135;1;land;false;plains;6
962;209;112;1;land;false;plains;6
963;157;234;1;land;false;forest;6
964;195;181;1;land;false;hills;6
965;189;82;1;land;false;forest;6
966;119;243;1;land;false;plains;6
967;79;134;1;land;true;plains;6
968;176;207;1;land;false;forest;6
969;119;43;1;land;true;desert;6
970;61;66;1;land;false;plains;6
971;95;159;1;land;true;jungle;6
972;93;185;1;land;false;forest;6
973;233;227;1;land;false;plains;6
974;62;110;1;land;false;plains;6
975;93;145;1;land;true;mountain;6
976;45;198;1;land;true;plains;6
977;118;45;1;land;true;plains;6
978;55;194;1;land;true;plains;6
979;61;118;1;land;true;plains;6
980;10;250;1;land;false;plains;6
981;218;250;1;land;false;plains;6
982;8;127;1;land;true;mountain;6
983;235;187;1;land;true;forest;6
984;57;105;1;land;true;plains;6
985;162;253;1;land;false;plains;6
986;49;85;1;land;true;hills;6
987;171;218;1;land;false;plains;6
988;152;196;1;land;false;jungle;6
989;15;67;1;land;true;plains;6
990;254;166;1;land;false;plains;6
991;216;175;1;land;false;plains;6
992;170;35;1;land;true;plains;6
993;245;104;1;land;true;plains;6
994;94;193;1;land;true;hills;6
995;161;66;1;land;true;hills;6
996;120;140;1;land;true;forest;6
997;244;79;1;land;false;plains;6
998;243;254;1;land;false;plains;6
999;166;101;1;land;false;plains;6
1000;17;249;1;land;false;plains;6
1001;230;5;1;land;true;plains;6
1002;146;14;1;land;false;plains;6
1003;53;125;1;land;true;forest;6
1004;135;252;1;land;false;plains;6
1005;209;186;1;land;false;plains;6
1006;181;253;1;land;true;plains;6
1007;2;194;1;land;true;mountain;6
1008;98;64;1;land;false;plains;6
1009;207;53;1;land;false;plains;6
1010;6;195;1;land;true;jungle;6
1011;164;94;1;land;true;plains;6
1012;159;186;1;land;false;plains;6
1013;76;227;1;land;false;plains;6
1014;105;11;1;land;false;hills;6
1015;48;66;1;land;false;plains;6
1016;197;200;1;land;true;plains;6
1017;153;147;1;land;false;forest;6
1018;67;158;1;land;true;plains;6
1019;133;132;1;land;true;forest;6
1020;110;171;1;land;true;hills;6
1021;102;200;1;land;false;plains;6
1022;37;79;1;land;false;hills;6
1023;186;194;1;land;false;hills;6
1024;206;103;1;land;false;plains;6
1025;13;214;1;land;false;plains;6
1026;159;72;1;land;true;plains;6
1027;104;152;1;land;true;hills;6
1028;31;28;1;land;true;hills;6
1029;37;251;1;land;false;plains;6
1030;158;17;1;land;false;plains;6
1031;238;160;1;land;true;plains;6
1032;48;133;1;land;true;plains;6
1033;133;54;1;land;false;jungle;6
1034;160;2;1;land;false;plains;6
1035;55;142;1;land;false;hills;6
1036;192;243;1;land;false;plains;6
1037;248;66;1;land;false;plains;6
1038;62;70;1;land;false;plains;6
1039;207;153;1;land;true;plains;6
1040;115;18;1;land;false;hills;6
1041;81;36;1;land;true;plains;6
1042;5;110;1;land;false;plains;6
1043;158;59;1;land;false;hills;6
1044;101;184;1;land;false;hills;6
1045;226;45;1;land;true;urban;6
1046;115;192;1;land;false;plains;6
1047;170;163;1;land;false;plains;6
1048;9;61;1;land;false;plains;6
1049;209;177;1;land;false;plains;6
1050;60;213;1;land;true;mountain;6
1051;138;164;1;land;false;plains;6
1052;85;151;1;land;false;plains;6
1053;116;209;1;land;false;forest;6
1054;111;188;1;land;false;plains;6
1055;170;149;1;land;false;forest;6
1056;240;88;1;land;true;hills;6
1057;162;196;1;land;false;plains;6
1058;98;87;1;land;false;desert;6
1059;229;64;1;land;true;plains;6
1060;33;161;1;land;true;plains;6
1061;239;172;1;land;false;forest;6
1062;92;136;1;land;false;plains;6
1063;184;166;1;land;false;plains;6
1064;25;115;1;land;true;plains;6
1065;163;188;1;land;true;mountain;6
1066;122;132;1;land;false;plains;6
1067;124;111;1;land;true;hills;6
1068;226;25;1;land;true;plains;6
1069;11;146;1;land;false;plains;6
1070;120;82;1;land;true;hills;6
1071;198;160;1;land;false;plains;6
1072;111;10;1;land;false;plains;6
1073;108;180;1;land;true;plains;6
1074;254;43;1;land;true;plains;6
1075;61;81;1;land;false;plains;6
1076;21;200;1;land;false;plains;6
1077;176;142;1;land;false;plains;6
1078;244;102;1;land;true;plains;6
1079;41;51;1;land;true;hills;6
1080;156;137;1;land;false;plains;6
1081;96;211;1;land;true;plains;6
1082;34;118;1;land;false;plains;6
1083;112;159;1;land;true;hills;6
1084;84;94;1;land;false;plains;6
1085;57;227;1;land;false;plains;6
1086;70;248;1;land;false;plains;6
1087;244;168;1;land;false;forest;6
1088;207;64;1;land;false;plains;6
1089;56;121;1;land;false;plains;6
1090;63;235;1;land;true;plains;6
1091;139;189;1;land;true;hills;6
1092;48;137;1;land;false;forest;6
1093;220;93;1;land;false;plains;6
1094;243;99;1;land;true;plains;6
1095;200;158;1;land;true;jungle;6
1096;136;141;1;land;true;plains;6
1097;192;152;1;land;false;urban;6
1098;43;25;1;land;true;plains;6
1099;81;88;1;land;true;plains;6
1100;120;224;1;land;false;desert;6
1101;70;136;1;land;false;plains;6
1102;213;129;1;land;true;desert;6
1103;4;79;1;land;true;plains;6
1104;49;139;1;land;true;hills;6
1105;237;64;1;land;true;plains;6
1106;86;4;1;land;true;plains;6
1107;50;46;1;land;false;desert;6
1108;217;187;1;land;true;hills;6
1109;41;89;1;land;true;plains;6
1110;32;249;1;land;false;plains;6
1111;192;223;1;land;false;plains;6
1112;148;106;1;land;true;forest;6
1113;202;61;1;land;false;plains;6
1114;235;121;1;land;true;plains;6
1115;111;158;1;land;true;plains;6
1116;81;249;1;land;true;plains;6
1117;89;222;1;land;true;mountain;6
1118;191;149;1;land;true;hills;6
1119;151;71;1;land;true;plains;6
1120;12;189;1;land;false;plains;6
1121;68;222;1;land;false;forest;6
1122;237;142;1;land;true;plains;6
1123;39;45;1;land;false;plains;6
1124;75;95;1;land;false;plains;6
1125;13;67;1;land;false;plains;6
1126;183;11;1;land;false;plains;6
1127;55;150;1;land;false;plains;6
1128;198;82;1;land;false;plains;6
1129;220;208;1;land;true;plains;6
1130;199;166;1;land;false;plains;6
1131;215;186;1;land;false;forest;6
1132;8;38;1;land;false;plains;6
1133;118;250;1;land;false;plains;6
1134;83;67;1;land;false;plains;6
1135;57;179;1;land;false;plains;6
1136;210;75;1;land;true;plains;6
1137;90;145;1;land;true;plains;6
1138;254;29;1;land;false;forest;6
1139;232;20;1;land;true;plains;6
1140;149;32;1;land;true;plains;6
1141;102;90;1;land;true;plains;6
1142;140;40;1;land;true;plains;6
1143;79;23;1;land;true;forest;6
1144;104;230;1;land;true;plains;6
1145;66;151;1;land;false;plains;6
1146;178;187;1;land;false;plains;6
1147;252;126;1;land;true;jungle;6
1148;20;241;1;land;false;plains;6
1149;159;167;1;land;false;plains;6
1150;195;23;1;land;true;plains;6
1151;167;180;1;land;false;plains;6
1152;129;113;1;land;true;plains;6
1153;143;233;1;land;false;forest;6
1154;58;27;1;land;true;mountain;6
1155;65;206;1;land;true;plains;6
1156;219;169;1;land;true;plains;6
1157;40;142;1;land;false;desert;6
1158;169;32;1;land;false;plains;6
1159;189;20;1;land;false;jungle;6
1160;37;252;1;land;false;plains;6
1161;113;139;1;land;true;hills;6
1162;26;48;1;land;false;plains;6
1163;70;56;1;land;false;plains;6
1164;37;49;1;land;false;plains;6
1165;90;126;1;land;true;jungle;6
1166;140;223;1;land;false;plains;6
1167;147;242;1;land;false;plains;6
1168;206;21;1;land;false;plains;6
1169;211;48;1;land;false;plains;6
1170;231;146;1;land;false;plains;6
1171;176;63;1;land;true;hills;6
1172;167;116;1;land;false;plains;6
1173;187;242;1;land;true;hills;6
1174;227;114;1;land;false;forest;6
1175;134;130;1;land;false;plains;6
1176;190;179;1;land;false;plains;6
1177;235;192;1;land;false;plains;6
1178;239;156;1;land;false;plains;6
1179;136;92;1;land;false;plains;6
1180;106;176;1;land;false;plains;6
1181;234;2;1;land;false;plains;6
1182;7;8;1;land;true;forest;6
1183;42;53;1;land;true;plains;6
1184;67;49;1;land;false;plains;6
1185;155;252;1;land;true;plains;6
1186;145;5;1;land;false;plains;6
1187;24;105;1;land;true;plains;6
1188;38;177;1;land;false;plains;6
1189;82;239;1;land;true;plains;6
1190;103;172;1;land;true;plains;6
1191;223;79;1;land;false;plains;6
1192;127;154;1;land;false;plains;6
1193;234;19;1;land;false;forest;6
1194;187;115;1;land;true;hills;6
1195;215;202;1;land;false;hills;6
1196;168;247;1;land;true;plains;6
1197;246;59;1;land;false;plains;6
1198;9;72;1;land;true;plains;6
1199;55;62;1;land;false;plains;6
1200;156;190;1;land;false;plains;6
1201;24;58;1;land;true;plains;6
1202;114;217;1;land;false;plains;6
1203;83;176;1;land;false;plains;6
1204;118;228;1;land;false;plains;6
1205;217;178;1;land;false;forest;6
1206;39;11;1;land;false;jungle;6
1207;233;6;1;land;false;plains;4
1208;30;232;1;land;false;plains;4
1209;250;147;1;land;true;hills;4
1210;180;100;1;land;false;plains;4
1211;37;37;1;land;false;plains;4
1212;157;252;1;land;true;hills;4
1213;192;80;1;land;true;mountain;4
1214;149;245;1;land;true;plains;4
1215;132;87;1;land;true;hills;4
1216;172;158;1;land;true;plains;4
1217;51;76;1;land;true;plains;4
1218;137;178;1;land;true;plains;4
1219;40;144;1;land;false;plains;4
1220;153;78;1;land;false;plains;4
1221;245;223;1;land;false;plains;4
1222;203;220;1;land;true;hills;4
1223;248;123;1;land;false;plains;4
1224;138;149;1;land;true;plains;4
1225;153;64;1;land;false;plains;4
1226;78;95;1;land;true;plains;4
1227;100;93;1;land;true;plains;4
1228;77;113;1;land;true;plains;4
1229;33;89;1;land;false;forest;4
1230;150;145;1;land;false;plains;4
1231;76;115;1;land;true;hills;4
1232;124;72;1;land;true;plains;4
1233;34;85;1;land;false;plains;4
1234;234;162;1;land;true;plains;4
1235;230;173;1;land;false;plains;4
1236;51;177;1;land;false;plains;4
1237;84;210;1;land;false;plains;4
1238;174;51;1;land;false;plains;4
1239;30;185;1;land;false;plains;4
1240;217;165;1;land;false;plains;4
1241;42;185;1;land;true;plains;4
1242;207;82;1;land;true;plains;4
1243;181;28;1;land;true;hills;4
1244;201;235;1;land;false;plains;4
1245;40;36;1;land;true;plains;4
1246;20;66;1;land;false;plains;4
1247;135;107;1;land;false;plains;4
1248;74;35;1;land;false;plains;4
1249;81;241;1;land;false;hills;4
1250;123;34;1;land;false;plains;4
1251;95;31;1;land;true;mountain;4
1252;181;171;1;land;true;plains;4
1253;87;174;1;land;true;plains;4
1254;153;193;1;land;false;plains;4
1255;245;32;1;land;false;plains;4
1256;25;206;1;land;true;plains;4
1257;160;33;1;land;true;hills;4
1258;157;54;1;land;true;plains;4
1259;187;238;1;land;false;plains;4
1260;184;58;1;land;true;hills;4
1261;41;167;1;land;true;plains;4
1262;217;45;1;land;false;plains;4
1263;125;47;1;land;true;plains;4
1264;56;186;1;land;true;plains;4
1265;48;157;1;land;false;plains;4
1266;48;153;1;land;true;hills;4
1267;65;139;1;land;true;plains;4
1268;236;100;1;land;false;plains;4
1269;22;110;1;land;false;plains;4
1270;240;207;1;land;true;hills;4
1271;122;217;1;land;true;plains;4
1272;49;172;1;land;false;plains;4
1273;137;236;1;land;true;plains;4
1274;178;71;1;land;false;plains;4
1275;165;251;1;land;false;plains;4
1276;157;221;1;land;false;mountain;4
1277;64;122;1;land;true;forest;5
1278;85;247;1;land;false;plains;5
1279;200;245;1;land;true;hills;5
1280;61;151;1;land;true;plains;5
1281;115;114;1;land;true;hills;5
1282;78;176;1;land;true;plains;5
1283;187;139;1;land;true;mountain;5
1284;193;237;1;land;true;plains;5
1285;111;34;1;land;false;plains;5
1286;203;236;1;land;true;plains;5
1287;227;59;1;land;true;plains;5
1288;96;131;1;land;true;plains;5
1289;147;191;1;land;false;plains;5
1290;29;181;1;land;false;plains;5
1291;38;87;1;land;false;plains;5
1292;77;242;1;land;false;plains;5
1293;192;153;1;land;true;hills;5
1294;112;131;1;land;false;plains;5
1295;126;13;1;land;true;mountain;5
1296;202;98;1;land;false;plains;5
1297;214;253;1;land;true;plains;5
1298;38;132;1;land;true;plains;5
1299;134;79;1;land;false;plains;5
1300;55;48;1;land;false;plains;5
1301;128;232;1;land;false;plains;5
1302;233;58;1;land;true;plains;5
1303;54;179;1;land;true;forest;5
1304;87;83;1;land;true;plains;5
1305;110;50;1;land;false;plains;5
1306;175;203;1;land;true;plains;5
1307;206;108;1;land;true;plains;5
1308;111;118;1;land;false;plains;5
1309;44;204;1;land;false;forest;5
1310;49;177;1;land;false;plains;5
1311;244;162;1;land;false;plains;5
1312;182;143;1;land;false;plains;5
1313;252;91;1;land;true;plains;5
1314;136;250;1;land;true;plains;5
1315;248;254;1;land;false;plains;5
1316;54;178;1;land;false;plains;5
1317;163;207;1;land;false;hills;5
1318;182;199;1;land;true;plains;5
1319;32;208;1;land;false;forest;5
1320;233;221;1;land;true;plains;5
1321;192;0;1;land;false;plains;5
1322;61;42;1;land;true;plains;5
1323;30;179;1;land;false;plains;5
1324;243;111;1;land;false;hills;5
1325;70;118;1;land;true;plains;5
1326;183;104;1;land;false;plains;5
1327;153;211;1;land;true;hills;5
1328;112;48;1;land;false;plains;5
1329;175;151;1;land;true;plains;5
1330;215;174;1;land;false;plains;5
1331;103;182;1;land;true;plains;5
1332;137;107;1;land;true;plains;5
1333;188;139;1;land;true;hills;5
1334;188;148;1;land;false;plains;5
1335;73;205;1;land;false;plains;5
1336;142;191;1;land;true;plains;5
1337;69;123;1;land;false;hills;5
1338;185;13;1;land;false;plains;5
1339;47;156;1;land;false;plains;5
1340;21;214;1;land;true;plains;5
1341;199;138;1;land;true;plains;5
1342;37;183;1;land;false;plains;5
1343;113;103;1;land;false;plains;5
1344;243;167;1;land;false;plains;5
1345;218;124;1;land;false;plains;5
1346;20;56;1;land;true;plains;5
1347;233;228;1;land;false;plains;5
1348;11;41;1;land;true;plains;5
1349;115;38;1;land;false;plains;5
1350;248;202;1;land;true;plains;5
1351;139;222;1;land;false;plains;5
1352;169;21;1;land;false;forest;5
1353;119;11;1;land;true;plains;5
1354;251;217;1;land;false;plains;5
1355;106;196;1;land;false;plains;5
1356;137;199;1;land;false;plains;5
1357;118;204;1;land;false;plains;5
1358;103;61;1;land;false;plains;5
1359;122;80;1;land;false;forest;5
1360;161;219;1;land;false;plains;5
1361;133;89;1;land;false;forest;5
1362;143;118;1;land;false;plains;5
1363;12;207;1;land;false;plains;5
1364;70;176;1;land;false;plains;5
1365;46;47;1;land;false;hills;5
1366;29;113;1;land;false;forest;5
1367;188;204;1;land;true;plains;5
1368;254;245;1;land;true;plains;5
1369;85;172;1;land;false;plains;5
1370;46;111;1;land;true;plains;5
1371;237;54;1;land;true;plains;5
1372;147;215;1;land;true;plains;3
1373;63;185;1;land;true;hills;3
1374;42;33;1;land;true;plains;3
1375;57;77;1;land;true;mountain;3
1376;79;224;1;land;true;plains;3
1377;214;19;1;land;true;hills;3
1378;8;9;1;land;true;plains;3
1379;206;93;1;land;true;plains;3
1380;143;111;1;land;true;plains;3
1381;195;118;1;land;true;plains;3
1382;151;148;1;land;false;plains;3
1383;41;145;1;land;true;plains;3
1384;46;160;1;land;true;plains;3
1385;222;115;1;land;true;hills;2
1386;224;223;1;land;true;plains;2
1387;48;38;1;land;true;plains;2
1388;149;209;1;land;true;plains;2
1389;53;11;1;land;true;plains;2
1390;125;31;1;land;true;plains;1
1391;221;150;1;land;true;hills;1
1392;117;93;1;land;true;plains;1
1393;171;114;1;land;true;plains;1
1394;168;147;1;land;true;hills;1
1395;177;127;1;land;true;plains;1
1396;190;52;1;land;true;hills;1
1397;136;116;1;land;true;plains;1
1398;52;147;1;land;true;plains;6
1399;42;56;1;land;true;plains;6
1400;250;96;1;land;true;hills;6
1401;3;249;1;land;true;plains;6
1402;144;44;1;land;true;plains;6
1403;16;154;1;land;true;hills;6
1404;17;100;1;land;true;plains;6
1405;129;99;1;land;true;plains;6
1406;113;181;1;land;true;plains;6
1407;6;199;1;land;true;hills;5
1408;86;75;1;land;true;plains;5
1409;208;38;1;land;true;plains;5
1410;213;83;1;land;true;plains;5
1411;106;168;1;land;true;hills;5
1412;179;221;1;land;true;plains;5
1413;30;184;1;land;true;hills;5
1414;211;135;1;land;true;plains;5
1415;175;103;1;land;true;hills;5
1416;30;138;1;land;true;forest;5
1417;111;210;1;land;false;forest;5
1418;13;178;1;land;false;plains;5
1419;117;90;1;land;true;forest;7
1420;197;248;1;land;true;plains;7
1421;69;5;1;land;true;plains;7
1422;88;239;1;land;true;forest;7
1423;115;2;1;land;false;plains;7
1424;50;248;1;land;true;plains;7
1425;141;49;1;land;true;plains;7
1426;231;64;1;land;true;forest;7
1427;183;123;1;land;false;plains;7
1428;11;81;1;land;true;plains;7
1429;107;42;1;land;true;plains;7
1430;109;200;1;land;true;plains;7
1431;252;27;1;land;true;hills;7
1432;124;150;1;land;true;hills;7
1433;115;138;1;land;true;hills;7
1434;22;104;1;land;true;plains;7
1435;200;107;1;land;true;plains;7
1436;247;200;1;land;true;plains;7
1437;153;206;1;land;true;plains;7
1438;198;67;1;land;true;hills;7
1439;3;32;1;land;true;plains;7
1440;14;220;1;land;true;plains;7
1441;50;242;1;land;true;plains;7
1442;130;129;1;land;true;hills;7
1443;191;199;1;land;true;plains;7
1444;33;199;1;land;true;hills;7
1445;112;138;1;land;true;plains;7
1446;69;113;1;land;true;hills;7
1447;154;227;1;land;true;mountain;7
1448;96;105;1;land;true;hills;7
1449;93;66;1;land;true;plains;4
1450;123;58;1;land;true;plains;4
1451;130;8;1;land;true;hills;4
1452;205;193;1;land;true;plains;4
1453;202;192;1;land;false;plains;4
1454;198;238;1;land;true;hills;4
1455;133;157;1;land;true;plains;4
1456;64;216;1;land;true;plains;4
1457;29;167;1;land;true;mountain;6
1458;171;109;1;land;true;plains;6
1459;86;70;1;land;true;plains;6
1460;40;28;1;land;true;plains;6
1461;159;36;1;land;true;plains;6
1462;156;213;1;land;true;plains;6
1463;37;72;1;land;true;plains;6
1464;8;116;1;land;true;hills;7
1465;133;182;1;land;true;hills;7
1466;163;202;1;land;true;hills;7
1467;82;145;1;land;true;hills;7
1468;113;214;1;land;true;plains;6
1469;19;45;1;land;true;plains;6
1470;238;1;1;land;true;plains;6
1471;35;219;1;land;true;plains;6
1472;22;229;1;land;true;mountain;6
1473;46;119;1;land;true;hills;1
1474;199;83;1;land;true;hills;1
1475;139;32;1;land;true;mountain;7
1476;209;242;1;land;true;hills;7
1477;254;136;1;land;true;hills;7
1478;132;66;1;land;true;hills;7
1479;233;101;1;land;true;plains;6
1480;195;215;1;land;true;hills;6
1481;11;199;1;land;true;plains;3
1482;133;168;1;land;true;plains;3
1483;123;216;1;land;true;plains;3
1484;114;22;1;land;true;plains;3
1485;189;164;1;land;true;plains;3
1486;187;93;1;land;true;plains;3
1487;84;42;1;land;true;plains;3
1488;77;188;1;land;true;plains;3
1489;208;88;1;land;true;plains;6
1490;13;35;1;land;true;plains;6
1491;170;139;1;land;true;plains;6
1492;64;142;1;land;true;plains;6
1493;190;236;1;land;true;plains;6
1494;83;244;1;land;true;mountain;6
1495;109;34;1;land;true;plains;7
1496;218;39;1;land;true;hills;7
1497;181;175;1;land;true;plains;7
1498;183;84;1;land;true;plains;7
1499;168;190;1;land;true;plains;7
1500;147;194;1;land;true;plains;7
1501;205;197;1;land;true;plains;7
1502;102;102;1;land;true;plains;7
1503;22;234;1;land;true;hills;7
1504;48;161;1;land;true;mountain;7
1505;192;13;1;land;true;hills;7
1506;67;55;1;land;true;hills;5
1507;163;32;1;land;true;plains;5
1508;155;153;1;land;true;hills;6
1509;77;9;1;land;true;plains;6
1510;247;54;1;land;true;plains;6
1511;95;59;1;land;true;plains;3
1512;183;135;1;land;true;plains;3
1513;18;210;1;land;true;hills;3
1514;217;181;1;land;true;hills;6
1515;186;217;1;land;true;plains;6
1516;192;233;1;land;true;plains;6
1517;74;95;1;land;true;plains;7
1518;201;194;1;land;true;hills;7
1519;183;75;1;land;true;hills;7
1520;153;26;1;land;true;hills;7
1521;228;23;1;land;true;hills;7
1522;100;120;1;land;true;hills;7
1523;70;105;1;land;true;plains;5
1524;80;185;1;land;true;hills;5
1525;244;198;1;land;true;hills;7
1526;48;54;1;land;true;plains;7
1527;215;17;1;land;true;mountain;6
1528;49;121;1;land;true;hills;7
1529;89;77;1;land;true;forest;7
1530;31;75;1;land;true;plains;6
1531;110;147;1;land;true;hills;6
1532;149;215;1;land;true;hills;6
1533;145;29;1;land;true;mountain;7
1534;218;77;1;land;true;mountain;7
1535;1;113;1;land;true;hills;7
1536;189;0;1;land;true;mountain;6
1537;54;159;1;land;true;plains;7
1538;93;84;1;land;true;plains;7
1539;87;248;1;land;true;mountain;5
1540;214;112;1;land;true;plains;6
1541;102;238;1;land;true;forest;7
1542;59;178;1;land;true;hills;7
1543;43;184;1;land;true;hills;7
1544;221;68;1;land;true;hills;6
1545;156;204;1;land;true;plains;7
1546;239;69;1;land;true;forest;7
1547;160;171;1;land;true;hills;7
1548;6;32;1;land;true;mountain;7
1549;40;160;1;land;true;hills;7
1550;186;6;1;land;true;hills;6
1551;76;128;1;land;true;mountain;7
1552;192;14;1;land;true;hills;6
1553;245;16;1;land;true;hills;6
1554;247;78;1;land;true;hills;7
1555;43;193;1;land;true;hills;7
1556;4;143;1;land;true;hills;5
1557;15;27;1;land;true;hills;5
1558;151;230;1;land;true;hills;7
1559;134;94;1;land;true;hills;7
1560;71;118;1;land;true;hills;7
1561;217;235;1;land;true;plains;7
1562;179;121;1;land;true;plains;4
1563;22;118;1;land;true;hills;4
1564;72;203;1;land;true;mountain;6
1565;158;91;1;land;true;hills;1
1566;56;228;1;land;true;hills;7
1567;137;230;1;land;true;hills;7
1568;238;128;1;land;true;hills;5
1569;54;196;1;land;true;plains;1
1570;75;74;1;land;true;plains;6
1571;179;220;1;land;true;hills;7
1572;98;101;1;land;true;hills;6
1573;215;52;1;land;true;hills;6
1574;238;233;1;land;true;hills;7
1575;30;16;1;land;true;plains;7
1576;135;192;1;land;true;plains;7
1577;24;12;1;land;true;hills;6
1578;122;210;1;land;true;hills;6
1579;174;42;1;land;true;plains;6
1580;64;153;1;land;true;mountain;7
1581;231;47;1;land;true;plains;6
1582;39;180;1;land;true;hills;6
1583;51;45;1;land;true;plains;6
1584;239;186;1;land;true;hills;5
1585;190;163;1;land;true;hills;5
1586;122;49;1;land;true;hills;5
1587;41;211;1;land;true;plains;7
1588;126;91;1;land;true;hills;6
1589;129;176;1;land;true;mountain;7
1590;16;59;1;land;true;hills;7
1591;206;187;1;land;true;forest;6
1592;89;81;1;land;true;hills;5
1593;83;123;1;land;true;hills;5
1594;14;130;1;land;true;plains;5
1595;119;132;1;land;true;plains;6
1596;196;17;1;land;true;mountain;6
1597;157;181;1;land;true;hills;5
1598;217;10;1;land;true;plains;7
1599;253;83;1;land;true;hills;7
1600;73;232;1;land;true;hills;7
1601;21;127;1;land;true;mountain;7
1602;135;231;1;land;true;plains;7
1603;6;133;1;land;true;hills;7
1604;94;228;1;land;true;hills;6
1605;79;120;1;land;true;plains;1
1606;139;31;1;land;true;forest;7
1607;213;104;1;land;true;plains;7
1608;32;206;1;land;true;plains;5
1609;250;141;1;land;true;plains;7
1610;100;209;1;land;true;hills;7
1611;122;92;1;land;true;forest;5
1612;252;172;1;land;true;mountain;6
1613;192;91;1;land;true;plains;6
1614;26;209;1;land;true;plains;6
1615;1;38;1;land;true;hills;5
1616;105;171;1;land;true;forest;7
1617;66;27;1;land;true;hills;5
1618;218;158;1;land;true;mountain;2
1619;220;46;1;land;true;mountain;2
1620;123;213;1;land;true;hills;6
1621;240;106;1;land;true;hills;7
1622;140;246;1;land;true;plains;7
1623;210;98;1;land;true;jungle;7
1624;50;182;1;land;true;plains;6
1625;98;99;1;land;true;forest;3
1626;25;186;1;land;true;forest;6
1627;137;67;1;land;true;plains;7
1628;152;172;1;land;true;plains;6
1629;81;85;1;land;true;plains;7
1630;213;199;1;land;true;mountain;7
1631;119;69;1;land;true;jungle;5
1632;104;178;1;land;true;hills;5
1633;210;19;1;land;true;plains;6
1634;176;145;1;land;true;plains;7
1635;20;48;1;land;true;plains;6
1636;134;12;1;land;true;hills;6
1637;223;20;1;land;true;plains;6
1638;45;151;1;land;true;plains;6
1639;7;40;1;land;true;plains;1
1640;161;171;1;land;true;plains;4
1641;186;225;1;land;true;plains;3
1642;218;140;1;land;true;mountain;7
1643;169;43;1;land;true;hills;4
1644;50;125;1;land;true;plains;7
1645;54;250;1;land;true;mountain;2
1646;161;47;1;land;true;plains;5
1647;73;206;1;land;true;plains;7
1648;214;109;1;land;true;jungle;7
1649;223;161;1;land;true;hills;6
1650;100;67;1;land;true;forest;5
1651;29;200;1;land;true;hills;6
1652;135;95;1;land;true;plains;6
1653;66;122;1;land;true;plains;6
1654;116;107;1;land;true;plains;6
1655;117;234;1;land;true;hills;7
1656;52;166;1;land;true;plains;6
1657;175;48;1;land;true;hills;6
1658;238;125;1;land;true;plains;6
1659;62;195;1;land;true;plains;6
1660;0;7;1;land;true;plains;6
1661;44;86;1;land;true;plains;7
1662;141;250;1;land;true;hills;4
1663;172;40;1;land;true;hills;5
1664;246;172;1;land;true;plains;5
1665;201;58;1;land;true;plains;6
1666;65;198;1;land;true;hills;5
1667;58;23;1;land;true;plains;7
1668;199;129;1;land;true;mountain;7
1669;59;72;1;land;true;plains;5
1670;194;218;1;land;true;jungle;6
1671;59;80;1;land;true;plains;6
1672;211;172;1;land;false;hills;6
1673;131;107;1;land;true;plains;6
1674;196;189;1;land;true;plains;7
1675;22;31;1;land;true;plains;7
1676;140;126;1;land;true;plains;1
1677;75;39;1;land;true;hills;5
1678;127;175;1;land;true;hills;7
1679;183;0;1;land;true;plains;7
1680;4;117;1;land;true;plains;5
1681;178;27;1;land;true;forest;5
1682;38;161;1;land;true;plains;7
1683;92;223;1;land;true;plains;7
1684;168;62;1;land;true;mountain;7
1685;115;254;1;land;true;plains;7
1686;206;134;1;land;true;forest;5
1687;117;206;1;land;true;jungle;6
1688;43;40;1;land;true;hills;7
1689;209;195;1;land;true;plains;7
1690;40;33;1;land;true;plains;5
1691;51;143;1;land;true;forest;7
1692;160;1;1;land;true;hills;6
1693;103;190;1;land;true;hills;5
1694;220;47;1;land;true;forest;7
1695;231;77;1;land;true;hills;7
1696;68;223;1;land;true;plains;2
1697;14;102;1;land;true;plains;7
1698;111;234;1;land;true;plains;7
1699;161;107;1;land;true;hills;7
1700;11;237;1;land;true;hills;5
1701;236;106;1;land;true;hills;6
1702;39;207;1;land;true;desert;7
1703;224;79;1;land;true;plains;7
1704;21;248;1;land;true;plains;7
1705;200;102;1;land;true;plains;6
1706;118;230;1;land;true;plains;5
1707;133;77;1;land;true;jungle;7
1708;203;165;1;land;true;mountain;7
1709;125;97;1;land;true;plains;6
1710;39;198;1;land;true;plains;2
1711;44;63;1;land;true;plains;5
1712;135;168;1;land;true;plains;7
1713;80;87;1;land;true;hills;7
1714;151;144;1;land;true;hills;7
1715;227;11;1;land;true;jungle;6
1716;18;100;1;land;true;forest;5
1717;230;28;1;land;true;plains;7
1718;85;140;1;land;true;plains;6
1719;11;166;1;land;true;plains;7
1720;147;52;1;land;true;plains;6
1721;65;195;1;land;true;plains;4
1722;139;90;1;land;true;jungle;7
1723;151;153;1;land;true;plains;7
1724;6;50;1;land;true;plains;7
1725;253;191;1;land;true;plains;7
1726;55;82;1;land;true;forest;6
1727;121;157;1;land;true;plains;7
1728;208;24;1;land;true;plains;7
1729;135;170;1;land;true;jungle;7
1730;251;64;1;land;true;mountain;5
1731;37;146;1;land;true;hills;5
1732;109;245;1;land;true;forest;5
1733;67;151;1;land;true;mountain;7
1734;153;20;1;land;true;plains;6
1735;29;160;1;land;true;hills;7
1736;140;221;1;land;true;plains;7
1737;66;158;1;land;true;hills;5
1738;177;31;1;land;true;plains;7
1739;243;83;1;land;true;plains;7
1740;59;236;1;land;true;plains;5
1741;4;123;1;land;true;plains;7
1742;133;227;1;land;true;plains;7
1743;155;76;1;land;true;plains;6
1744;249;181;1;land;true;plains;4
1745;145;80;1;land;true;hills;7
1746;38;175;1;land;true;plains;4
1747;72;65;1;land;true;plains;7
1748;155;158;1;land;true;jungle;5
1749;113;29;1;land;true;jungle;6
1750;209;203;1;land;true;plains;7
1751;142;205;1;land;true;jungle;6
1752;205;79;1;land;true;plains;5
1753;172;240;1;land;true;plains;5
1754;14;96;1;land;true;hills;6
1755;34;249;1;land;true;forest;5
1756;121;58;1;land;true;forest;7
1757;67;237;1;land;true;plains;7
1758;189;100;1;land;true;hills;6
1759;239;163;1;land;true;plains;6
1760;72;11;1;land;true;forest;6
1761;23;225;1;land;true;plains;7
1762;113;24;1;land;true;plains;7
1763;102;196;1;land;true;jungle;6
1764;228;15;1;land;false;plains;6
1765;155;167;1;land;true;hills;4
1766;3;65;1;land;true;jungle;7
1767;246;40;1;land;true;plains;7
1768;9;164;1;land;true;plains;6
1769;9;1;1;land;true;plains;5
1770;79;112;1;land;true;forest;5
1771;181;214;1;land;true;plains;7
1772;151;77;1;land;true;plains;7
1773;206;43;1;land;true;plains;6
1774;196;108;1;land;true;plains;5
1775;90;188;1;land;true;forest;7
1776;79;85;1;land;true;mountain;7
1777;169;203;1;land;true;forest;5
1778;146;103;1;land;true;hills;6
1779;33;215;1;land;true;plains;6
1780;9;30;1;land;true;mountain;7
1781;62;209;1;land;true;plains;5
1782;40;56;1;land;true;plains;7
1783;86;122;1;land;true;mountain;7
1784;100;249;1;land;true;plains;6
1785;93;122;1;land;true;mountain;7
1786;115;5;1;land;true;plains;7
1787;213;101;1;land;true;plains;2
1788;239;201;1;land;true;hills;6
1789;33;88;1;land;true;forest;6
1790;8;247;1;land;true;plains;7
1791;177;37;1;land;true;plains;7
1792;142;225;1;land;true;hills;2
1793;198;78;1;land;true;plains;5
1794;193;230;1;land;true;forest;5
1795;119;68;1;land;true;hills;6
1796;53;138;1;land;true;plains;7
1797;157;92;1;land;true;hills;6
1798;109;152;1;land;true;plains;6
1799;71;64;1;land;true;plains;6
1800;96;185;1;land;true;plains;2
1801;180;64;1;land;true;hills;4
1802;164;191;1;land;true;plains;7
1803;2;11;1;land;true;plains;6
1804;69;150;1;land;true;plains;2
1805;105;82;1;land;true;plains;2
1806;66;176;1;land;true;plains;5
1807;223;35;1;land;true;plains;2
1808;239;82;1;land;true;forest;5
1809;208;14;1;land;true;jungle;7
1810;229;152;1;land;true;plains;7
1811;109;230;1;land;true;forest;7
1812;100;53;1;land;true;hills;7
1813;120;250;1;land;true;plains;2
1814;195;68;1;land;true;plains;7
1815;152;158;1;land;true;forest;7
1816;192;35;1;land;true;jungle;5
1817;203;186;1;land;true;jungle;7
1818;207;57;1;land;true;plains;6
1819;115;121;1;land;true;plains;2
1820;142;3;1;land;true;desert;7
1821;124;132;1;land;true;jungle;6
1822;186;13;1;land;true;forest;6
1823;54;135;1;land;true;jungle;7
1824;14;204;1;land;true;plains;7
1825;67;157;1;land;true;plains;7
1826;38;229;1;land;true;plains;6
1827;210;49;1;land;true;plains;7
1828;204;200;1;land;true;plains;7
1829;196;106;1;land;true;plains;7
1830;219;245;1;land;true;jungle;6
1831;205;123;1;land;true;plains;2
1832;237;227;1;land;true;plains;7
1833;10;76;1;land;true;plains;7
1834;16;202;1;land;true;plains;7
1835;173;62;1;land;true;plains;3
1836;120;144;1;land;true;plains;5
1837;194;55;1;land;true;plains;7
1838;200;185;1;land;true;forest;6
1839;56;2;1;land;true;hills;7
1840;50;171;1;land;true;plains;2
1841;60;38;1;land;true;plains;2
1842;122;192;1;land;true;forest;7
1843;191;44;1;land;true;plains;7
1844;224;132;1;land;true;hills;5
1845;12;57;1;land;true;plains;7
1846;51;132;1;land;true;plains;5
1847;28;170;1;land;true;forest;7
1848;65;89;1;land;true;plains;7
1849;91;239;1;land;true;hills;4
1850;89;91;1;land;true;plains;4
1851;204;201;1;land;true;plains;5
1852;182;13;1;land;true;plains;7
1853;221;188;1;land;true;jungle;5
1854;19;63;1;land;true;forest;6
1855;150;116;1;land;true;plains;7
1856;124;34;1;land;true;hills;6
1857;178;185;1;land;true;plains;7
1858;217;5;1;land;true;plains;2
1859;31;97;1;land;true;forest;5
1860;32;243;1;land;true;forest;7
1861;109;143;1;land;true;plains;7
1862;66;243;1;land;true;mountain;6
1863;57;92;1;land;true;plains;7
1864;50;244;1;land;true;mountain;6
1865;82;136;1;land;true;plains;7
1866;113;23;1;land;true;hills;7
1867;229;132;1;land;true;jungle;5
1868;31;208;1;land;true;plains;7
1869;24;87;1;land;true;plains;5
1870;74;244;1;land;true;plains;5
1871;203;61;1;land;true;forest;7
1872;203;182;1;land;true;forest;6
1873;184;62;1;land;true;plains;7
1874;192;244;1;land;true;plains;7
1875;110;46;1;land;true;plains;6
1876;65;178;1;land;true;plains;7
1877;156;83;1;land;true;plains;7
1878;104;183;1;land;true;plains;2
1879;117;212;1;land;true;plains;7
1880;196;113;1;land;true;plains;6
1881;222;229;1;land;true;forest;6
1882;189;115;1;land;false;plains;7
1883;74;210;1;land;true;plains;7
1884;69;36;1;land;true;plains;6
1885;135;241;1;land;true;plains;7
1886;105;116;1;land;true;plains;3
1887;250;202;1;land;true;plains;2
1888;251;27;1;land;true;plains;5
1889;38;233;1;land;true;plains;5
1890;15;88;1;land;true;forest;5
1891;196;187;1;land;true;jungle;7
1892;147;23;1;land;true;forest;6
1893;210;203;1;land;true;jungle;6
1894;220;67;1;land;true;plains;7
1895;51;27;1;land;true;plains;7
1896;60;136;1;land;true;plains;7
1897;83;74;1;land;false;plains;6
1898;96;129;1;land;true;plains;7
1899;189;238;1;land;true;plains;6
1900;230;133;1;land;true;plains;7
1901;247;24;1;land;true;plains;7
1902;218;102;1;land;true;plains;5
1903;98;210;1;land;true;forest;7
1904;147;67;1;land;true;plains;5
1905;169;211;1;land;true;hills;5
1906;184;125;1;land;true;plains;7
1907;61;220;1;land;true;jungle;7
1908;19;52;1;land;true;forest;7
1909;107;194;1;land;true;plains;7
1910;88;43;1;land;true;plains;7
1911;69;148;1;land;true;plains;6
1912;101;224;1;land;true;plains;7
1913;154;114;1;land;true;mountain;6
1914;155;4;1;land;true;plains;7
1915;27;111;1;land;true;forest;6
1916;11;202;1;land;true;forest;7
1917;45;133;1;land;true;desert;7
1918;88;202;1;land;true;plains;7
1919;200;41;1;land;true;plains;6
1920;230;202;1;land;true;plains;7
1921;211;100;1;land;true;plains;7
1922;198;239;1;land;true;plains;7
1923;121;64;1;land;true;plains;4
1924;98;164;1;land;true;plains;6
1925;146;60;1;land;true;plains;6
1926;145;217;1;land;true;plains;5
1927;131;38;1;land;true;plains;5
1928;164;188;1;land;true;hills;5
1929;209;65;1;land;true;forest;5
1930;159;151;1;land;true;forest;7
1931;27;1;1;land;true;forest;7
1932;101;170;1;land;true;jungle;7
1933;100;74;1;land;true;jungle;6
1934;66;129;1;land;true;forest;7
1935;233;5;1;land;true;desert;7
1936;224;107;1;land;true;hills;7
1937;43;29;1;land;true;desert;7
1938;22;108;1;land;true;plains;7
1939;134;224;1;land;false;hills;6
1940;116;123;1;land;true;plains;7
1941;173;221;1;land;true;plains;1
1942;180;111;1;land;true;plains;5
1943;176;200;1;land;true;plains;5
1944;207;18;1;land;true;plains;5
1945;225;212;1;land;true;plains;2
1946;33;35;1;land;true;plains;2
1947;93;140;1;land;true;plains;5
1948;158;22;1;land;true;plains;7
1949;144;171;1;land;true;jungle;7
1950;207;25;1;land;true;jungle;7
1951;53;76;1;land;true;jungle;7
1952;82;238;1;land;true;plains;7
1953;59;143;1;land;true;plains;7
1954;85;226;1;land;true;forest;7
1955;195;71;1;land;true;plains;7
1956;244;206;1;land;true;plains;6
1957;5;120;1;land;true;plains;6
1958;3;182;1;land;true;hills;6
1959;242;94;1;land;true;plains;6
1960;233;248;1;land;true;hills;6
1961;44;108;1;land;true;plains;7
1962;16;208;1;land;true;plains;4
1963;130;48;1;land;true;plains;6
1964;157;194;1;land;true;plains;1
1965;168;85;1;land;true;plains;7
1966;230;217;1;land;true;plains;2
1967;47;37;1;land;true;plains;2
1968;72;150;1;land;true;plains;5
1969;99;82;1;land;true;plains;5
1970;157;145;1;land;true;hills;6
1971;226;0;1;land;true;jungle;6
1972;4;133;1;land;true;hills;7
1973;23;54;1;land;false;hills;6
1974;10;154;1;land;true;plains;7
1975;28;232;1;land;true;hills;6
1976;103;104;1;land;true;plains;7
1977;108;250;1;land;true;plains;7
1978;126;49;1;land;true;plains;7
1979;233;178;1;land;true;plains;6
1980;252;69;1;land;true;forest;5
1981;19;207;1;land;true;plains;5
1982;29;44;1;land;true;plains;5
1983;127;165;1;land;true;plains;5
1984;174;35;1;land;true;plains;5
1985;216;145;1;land;true;plains;5
1986;192;4;1;land;true;forest;7
1987;73;112;1;land;true;forest;6
1988;70;228;1;land;true;plains;7
1989;81;98;1;land;true;plains;7
1990;106;236;1;land;true;plains;7
1991;104;100;1;land;true;plains;7
1992;81;246;1;land;true;plains;7
1993;131;143;1;land;true;hills;6
1994;164;9;1;land;false;plains;7
1995;51;128;1;land;true;plains;6
1996;56;248;1;land;true;plains;6
1997;23;133;1;land;true;plains;6
1998;45;195;1;land;true;plains;7
1999;215;66;1;land;true;plains;7
2000;229;210;1;land;true;plains;7
2001;253;52;1;land;true;plains;6
2002;204;191;1;land;true;plains;4
2003;147;33;1;land;true;plains;2
2004;132;145;1;land;true;plains;5
2005;128;94;1;land;true;plains;5
2006;184;153;1;land;true;plains;6
2007;194;225;1;land;true;plains;2
2008;183;78;1;land;true;plains;2
2009;178;13;1;land;true;forest;7
2010;218;142;1;land;true;hills;6
2011;109;233;1;land;true;hills;7
2012;112;88;1;land;true;jungle;7
2013;136;195;1;land;true;plains;7
2014;157;70;1;land;true;jungle;7
2015;12;183;1;land;true;forest;6
2016;28;14;1;land;true;forest;7
2017;74;225;1;land;true;plains;7
2018;59;46;1;land;true;hills;7
2019;159;169;1;land;true;jungle;6
2020;216;58;1;land;true;hills;6
2021;251;155;1;land;true;plains;6
2022;240;59;1;land;true;plains;6
2023;31;44;1;land;true;desert;7
2024;184;115;1;land;true;plains;7
2025;162;12;1;land;true;forest;7
2026;10;167;1;land;true;plains;7
2027;203;224;1;land;true;mountain;6
2028;80;155;1;land;true;plains;5
2029;30;9;1;land;true;plains;5
2030;194;134;1;land;true;plains;5
2031;134;235;1;land;true;plains;5
2032;237;95;1;land;true;plains;5
2033;226;216;1;land;true;forest;7
2034;132;118;1;land;true;forest;5
2035;56;181;1;land;true;plains;7
2036;166;95;1;land;true;jungle;5
2037;192;220;1;land;true;plains;7
2038;44;64;1;land;true;forest;6
2039;101;137;1;land;true;jungle;6
2040;234;10;1;land;true;forest;6
2041;210;107;1;land;true;jungle;6
2042;94;42;1;land;true;hills;7
2043;42;75;1;land;true;forest;7
2044;176;199;1;land;true;forest;6
2045;118;93;1;land;true;plains;6
2046;225;219;1;land;true;plains;7
2047;185;50;1;land;true;hills;7
2048;27;239;1;land;true;plains;6
2049;124;158;1;land;true;forest;6
2050;164;206;1;land;true;plains;7
2051;162;91;1;land;true;plains;6
2052;227;137;1;land;true;plains;6
2053;198;63;1;land;true;plains;7
2054;104;148;1;land;true;plains;4
2055;140;52;1;land;true;plains;4
2056;12;204;1;land;true;plains;5
2057;27;67;1;land;true;plains;7
2058;115;166;1;land;true;plains;6
2059;47;19;1;land;true;forest;5
2060;159;190;1;land;true;forest;5
2061;148;58;1;land;true;plains;7
2062;65;161;1;land;true;forest;7
2063;251;25;1;land;true;forest;7
2064;124;166;1;land;true;hills;7
2065;80;21;1;land;true;forest;7
2066;183;101;1;land;true;jungle;7
2067;173;254;1;land;true;desert;7
2068;46;95;1;land;true;forest;6
2069;2;225;1;land;true;forest;6
2070;105;122;1;land;true;forest;6
2071;226;170;1;land;true;forest;6
2072;49;28;1;land;true;plains;7
2073;105;141;1;land;true;plains;7
2074;216;47;1;land;true;plains;7
2075;120;141;1;land;true;plains;7
2076;245;10;1;land;true;mountain;7
2077;217;121;1;land;true;plains;7
2078;94;24;1;land;false;plains;6
2079;35;113;1;land;true;plains;6
2080;179;217;1;land;true;plains;7
2081;136;112;1;land;true;mountain;7
2082;5;229;1;land;true;plains;4
2083;210;117;1;land;true;plains;6
2084;118;249;1;land;true;plains;7
2085;117;54;1;land;true;hills;4
2086;180;228;1;land;true;plains;7
2087;28;90;1;land;true;forest;7
2088;126;198;1;land;true;plains;7
2089;103;112;1;land;true;plains;7
2090;205;243;1;land;true;plains;7
2091;152;71;1;land;true;plains;5
2092;19;155;1;land;true;plains;2
2093;44;112;1;land;true;plains;2
2094;164;215;1;land;true;plains;2
2095;114;61;1;land;true;plains;5
2096;214;156;1;land;true;plains;2
2097;196;54;1;land;true;plains;7
2098;39;166;1;land;true;plains;2
2099;23;8;1;land;true;plains;2
2100;135;129;1;land;true;plains;5
2101;145;1;1;land;true;desert;6
2102;209;144;1;land;true;plains;6
2103;80;190;1;land;true;plains;6
2104;226;49;1;land;true;desert;7
2105;175;221;1;land;true;desert;7
2106;71;75;1;land;true;jungle;5
2107;26;145;1;land;true;jungle;5
2108;139;39;1;land;true;hills;7
2109;86;146;1;land;true;forest;7
2110;240;10;1;land;true;forest;7
2111;198;141;1;land;true;forest;6
2112;58;45;1;land;true;plains;6
2113;58;168;1;land;true;jungle;7
2114;97;13;1;land;true;forest;7
2115;55;101;1;land;true;forest;6
2116;227;212;1;land;true;hills;6
2117;174;104;1;land;true;hills;7
2118;81;231;1;land;true;plains;6
2119;135;109;1;land;true;hills;7
2120;235;251;1;land;true;plains;4
2121;231;175;1;land;true;plains;6
2122;56;8;1;land;true;plains;6
2123;1;97;1;land;true;plains;7
2124;110;241;1;land;true;plains;7
2125;107;90;1;land;true;plains;7
2126;213;249;1;land;true;plains;7
2127;254;62;1;land;true;plains;7
2128;81;171;1;land;true;plains;6
2129;26;93;1;land;true;plains;5
2130;159;210;1;land;true;plains;2
2131;166;90;1;land;true;plains;2
2132;239;134;1;land;true;plains;2
2133;222;63;1;land;true;forest;5
2134;119;135;1;land;true;hills;7
2135;184;238;1;land;true;plains;6
2136;35;73;1;land;true;jungle;6
2137;72;210;1;land;true;forest;6
2138;143;140;1;land;true;forest;6
2139;132;221;1;land;true;desert;7
2140;223;120;1;land;true;jungle;6
2141;181;241;1;land;true;forest;7
2142;46;112;1;land;true;plains;7
2143;9;152;1;land;true;plains;7
2144;155;25;1;land;true;forest;7
2145;131;196;1;land;true;plains;7
2146;218;84;1;land;true;plains;7
2147;177;135;1;land;true;mountain;6
2148;39;36;1;land;true;plains;6
2149;67;201;1;land;true;plains;6
2150;175;38;1;land;true;plains;7
2151;69;19;1;land;true;plains;7
2152;153;129;1;land;true;plains;6
2153;166;65;1;land;true;plains;7
2154;6;121;1;land;true;plains;6
2155;205;223;1;land;true;plains;6
2156;116;127;1;land;true;plains;7
2157;62;15;1;land;true;plains;7
2158;188;150;1;land;true;hills;4
2159;128;222;1;land;true;plains;7
2160;16;118;1;land;true;plains;6
2161;23;205;1;land;true;plains;7
2162;122;110;1;land;true;plains;2
2163;75;236;1;land;true;plains;5
2164;159;67;1;land;true;plains;5
2165;179;218;1;land;true;plains;2
2166;6;87;1;land;true;plains;2
2167;151;130;1;land;true;plains;2
2168;244;13;1;land;true;plains;5
2169;254;140;1;land;true;plains;2
2170;107;1;1;land;true;plains;5
2171;28;75;1;land;true;plains;2
2172;149;242;1;land;true;forest;7
2173;154;97;1;land;true;plains;2
2174;42;193;1;land;true;plains;7
2175;240;77;1;land;true;forest;5
2176;80;215;1;land;true;jungle;7
2177;120;87;1;land;true;hills;7
2178;214;191;1;land;true;jungle;7
2179;165;64;1;land;true;forest;6
2180;17;211;1;land;true;forest;6
2181;27;37;1;land;true;forest;6
2182;81;199;1;land;true;forest;6
2183;146;53;1;land;true;plains;6
2184;17;152;1;land;true;forest;6
2185;34;77;1;land;true;jungle;6
2186;131;166;1;land;true;forest;7
2187;125;20;1;land;true;hills;7
2188;181;162;1;land;true;forest;7
2189;215;34;1;land;true;forest;6
2190;31;183;1;land;true;hills;7
2191;9;11;1;land;true;plains;7
2192;111;115;1;land;true;plains;7
2193;82;4;1;land;true;plains;7
2194;212;123;1;land;true;plains;7
2195;171;199;1;land;false;desert;7
2196;7;107;1;land;false;desert;6
2197;69;242;1;land;false;hills;6
2198;122;113;1;land;true;plains;6
2199;247;201;1;land;true;hills;6
2200;127;58;1;land;true;plains;6
2201;140;144;1;land;true;plains;6
2202;183;4;1;land;true;forest;7
2203;187;150;1;land;true;plains;7
2204;21;16;1;land;true;plains;7
2205;17;132;1;land;true;hills;7
2206;114;26;1;land;true;plains;3
2207;58;102;1;land;true;plains;6
2208;235;215;1;land;true;forest;3
2209;175;93;1;land;true;plains;2
2210;22;251;1;land;true;plains;2
2211;18;67;1;land;true;plains;2
2212;81;176;1;land;true;plains;2
2213;149;128;1;land;true;plains;2
2214;252;215;1;land;true;hills;5
2215;24;74;1;land;true;plains;5
2216;168;193;1;land;true;plains;7
2217;139;127;1;land;true;plains;2
2218;235;232;1;land;true;plains;2
2219;246;105;1;land;true;plains;6
2220;23;203;1;land;true;plains;5
2221;60;86;1;land;true;forest;5
2222;177;204;1;land;true;plains;2
2223;122;51;1;land;true;jungle;5
2224;232;200;1;land;true;plains;5
2225;222;85;1;land;true;forest;2
2226;95;201;1;land;true;jungle;5
2227;79;5;1;land;true;jungle;5
2228;144;129;1;land;true;plains;7
2229;160;9;1;land;true;jungle;7
2230;30;131;1;land;true;forest;6
2231;74;212;1;land;true;jungle;7
2232;193;54;1;land;true;forest;6
2233;214;183;1;land;true;jungle;6
2234;99;39;1;land;true;jungle;6
2235;25;157;1;land;true;jungle;6
2236;154;63;1;land;true;plains;7
2237;128;152;1;land;true;plains;7
2238;215;12;1;land;true;plains;7
2239;239;142;1;land;true;plains;7
2240;75;46;1;land;true;plains;7
2241;49;120;1;land;true;plains;6
2242;190;48;1;land;true;plains;7
2243;117;88;1;land;true;plains;6
2244;232;223;1;land;true;plains;6
2245;189;150;1;land;true;hills;7
2246;99;225;1;land;true;plains;7
2247;149;170;1;land;true;plains;6
2248;217;3;1;land;true;plains;6
2249;212;131;1;land;true;plains;7
2250;101;15;1;land;true;hills;4
2251;56;126;1;land;true;plains;7
2252;202;235;1;land;true;plains;6
2253;145;131;1;land;true;plains;6
2254;4;212;1;land;true;hills;7
2255;228;102;1;land;true;plains;7
2256;105;222;1;land;true;plains;7
2257;103;94;1;land;true;plains;7
2258;221;211;1;land;true;plains;7
2259;195;31;1;land;true;plains;7
2260;26;191;1;land;true;plains;6
2261;25;47;1;land;true;plains;2
2262;140;180;1;land;true;plains;5
2263;201;207;1;land;true;plains;5
2264;106;97;1;land;true;plains;5
2265;28;233;1;land;true;forest;2
2266;146;112;1;land;true;plains;6
2267;108;211;1;land;true;plains;2
2268;243;42;1;land;true;plains;2
2269;224;235;1;land;true;plains;5
2270;89;107;1;land;true;plains;2
2271;33;224;1;land;true;plains;5
2272;127;73;1;land;true;plains;2
2273;168;231;1;land;true;plains;5
2274;23;18;1;land;true;hills;5
2275;249;149;1;land;true;plains;7
2276;75;24;1;land;true;jungle;2
2277;72;153;1;land;false;plains;7
2278;187;18;1;land;true;plains;7
2279;88;27;1;land;true;forest;6
2280;92;154;1;land;true;jungle;5
2281;234;70;1;land;true;forest;5
2282;244;131;1;land;true;hills;7
2283;5;24;1;land;true;jungle;5
2284;14;90;1;land;true;jungle;5
2285;136;32;1;land;true;plains;7
2286;156;126;1;land;true;forest;7
2287;160;250;1;land;true;forest;7
2288;230;48;1;land;true;hills;5
2289;22;250;1;land;true;hills;5
2290;46;110;1;land;true;hills;5
2291;125;161;1;land;true;hills;7
2292;116;81;1;land;true;jungle;6
2293;245;213;1;land;true;forest;6
2294;204;67;1;land;true;forest;6
2295;177;149;1;land;true;jungle;7
2296;212;251;1;land;true;plains;6
2297;9;115;1;land;true;plains;7
2298;37;12;1;land;true;plains;7
2299;71;104;1;land;true;plains;7
2300;79;250;1;land;true;hills;7
2301;214;78;1;land;true;plains;7
2302;199;218;1;land;true;plains;7
2303;1;92;1;land;false;desert;6
2304;37;211;1;land;false;plains;6
2305;87;88;1;land;true;plains;6
2306;134;217;1;land;true;plains;6
2307;151;38;1;land;true;plains;6
2308;165;180;1;land;true;plains;6
2309;48;63;1;land;true;plains;7
2310;44;167;1;land;true;hills;4
2311;207;63;1;land;true;plains;4
2312;245;158;1;land;true;hills;7
2313;52;40;1;land;true;plains;7
2314;52;205;1;land;true;plains;7
2315;16;71;255;sea;false;ocean;0
2316;86;104;255;sea;true;ocean;0
2317;11;62;255;sea;true;ocean;0
2318;118;19;255;sea;true;ocean;0
2319;118;46;255;sea;true;ocean;0
2320;128;123;255;sea;false;ocean;0
2321;79;119;255;sea;true;ocean;0
2322;22;0;255;sea;true;ocean;0
2323;117;21;255;sea;false;ocean;0
2324;68;116;255;sea;true;ocean;0
2325;79;15;255;sea;true;ocean;0
2326;90;66;255;sea;true;ocean;0
2327;126;143;255;sea;true;ocean;0
2328;79;144;255;sea;true;ocean;0
2329;100;8;255;sea;true;ocean;0
2330;32;43;255;sea;false;ocean;0
2331;106;36;255;sea;true;ocean;0
2332;11;33;255;sea;true;ocean;0
2333;74;65;255;sea;true;ocean;0
2334;100;123;255;sea;true;ocean;0
2335;33;77;255;sea;true;ocean;0
2336;11;17;255;sea;false;ocean;0
2337;121;138;255;sea;false;ocean;0
2338;9;115;255;sea;true;ocean;0
2339;79;10;255;sea;true;ocean;0
2340;26;12;255;sea;true;ocean;0
2341;147;97;255;sea;true;ocean;0
2342;45;89;255;sea;true;ocean;0
2343;59;20;255;sea;false;ocean;0
2344;75;102;255;sea;true;ocean;0
2345;66;46;255;sea;true;ocean;0
2346;117;48;255;sea;true;ocean;0
2347;51;13;255;sea;true;ocean;0
2348;41;57;255;sea;true;ocean;0
2349;132;92;255;sea;true;ocean;0
2350;84;25;255;sea;true;ocean;0
2351;15;128;255;sea;false;ocean;0
2352;89;74;255;sea;true;ocean;0
2353;46;83;255;sea;true;ocean;0
2354;84;12;255;sea;false;ocean;0
2355;57;109;255;sea;true;ocean;0
2356;85;74;255;sea;true;ocean;0
2357;83;15;255;sea;true;ocean;0
2358;114;133;255;sea;true;ocean;0
2359;83;92;255;sea;true;ocean;0
2360;27;26;255;sea;true;ocean;0
2361;44;112;255;sea;true;ocean;0
2362;95;49;255;sea;true;ocean;0
2363;96;69;255;sea;false;ocean;0
2364;120;16;255;sea;true;ocean;0
2365;62;144;255;sea;true;ocean;0
2366;33;30;255;sea;true;ocean;0
2367;135;48;255;sea;true;ocean;0
2368;9;123;255;sea;true;ocean;0
2369;18;90;255;sea;true;ocean;0
2370;63;91;255;sea;true;ocean;0
2371;68;51;255;sea;true;ocean;0
2372;143;36;255;sea;true;ocean;0
2373;68;126;255;sea;true;ocean;0
2374;51;65;255;sea;false;ocean;0
2375;82;131;255;sea;true;ocean;0
2376;9;135;255;sea;true;ocean;0
2377;154;37;255;sea;true;ocean;0
2378;45;12;255;sea;true;ocean;0
2379;33;109;255;sea;true;ocean;0
2380;30;13;255;sea;true;ocean;0
2381;41;38;255;sea;false;ocean;0
2382;33;106;255;sea;true;ocean;0
2383;40;33;255;sea;false;ocean;0
2384;37;75;255;sea;true;ocean;0
2385;3;29;255;sea;false;ocean;0
2386;35;55;255;sea;true;ocean;0
2387;36;60;255;sea;false;ocean;0
2388;62;47;255;sea;true;ocean;0
2389;34;123;255;sea;false;ocean;0
2390;86;45;255;sea;true;ocean;0
2391;82;146;255;sea;true;ocean;0
2392;41;79;255;sea;true;ocean;0
2393;17;36;255;sea;true;ocean;0
2394;85;96;255;sea;false;ocean;0
2395;116;126;255;sea;true;ocean;0
2396;37;34;255;sea;true;ocean;0
2397;77;42;255;sea;true;ocean;0
2398;32;54;255;sea;true;ocean;0
2399;30;70;255;sea;true;ocean;0
2400;89;1;255;sea;true;ocean;0
2401;77;133;255;sea;true;ocean;0
2402;132;103;255;sea;true;ocean;0
2403;105;57;255;sea;true;ocean;0
2404;106;37;255;sea;true;ocean;0
2405;63;104;255;sea;true;ocean;0
2406;60;36;255;sea;true;ocean;0
2407;60;77;255;sea;false;ocean;0
2408;116;133;255;sea;false;ocean;0
2409;104;44;255;sea;true;ocean;0
2410;18;16;255;sea;true;ocean;0
2411;72;107;255;sea;true;ocean;0
2412;59;52;255;sea;false;ocean;0
2413;56;67;255;sea;false;ocean;0
2414;58;24;255;sea;true;ocean;0
2415;31;138;255;sea;false;ocean;0
2416;51;56;255;sea;true;ocean;0
2417;113;72;255;sea;true;ocean;0
2418;73;141;255;sea;true;ocean;0
2419;44;87;255;sea;true;ocean;0
2420;31;10;255;sea;true;ocean;0
2421;126;3;255;sea;true;ocean;0
2422;26;88;255;sea;true;ocean;0
2423;35;28;255;sea;true;ocean;0
2424;77;24;255;sea;true;ocean;0
2425;135;83;255;sea;false;ocean;0
2426;92;65;255;sea;false;ocean;0
2427;15;36;255;sea;false;ocean;0
2428;0;118;255;sea;true;ocean;0
2429;28;122;255;sea;true;ocean;0
2430;102;32;255;sea;true;ocean;0
2431;84;58;255;sea;true;ocean;0
2432;47;71;255;sea;true;ocean;0
2433;123;55;255;sea;true;ocean;0
2434;34;38;255;sea;false;ocean;0
2435;74;38;255;sea;true;ocean;0
2436;24;98;255;sea;true;ocean;0
2437;108;89;255;sea;true;ocean;0
2438;68;40;255;sea;true;ocean;0
2439;66;102;255;sea;false;ocean;0
2440;77;53;255;sea;true;ocean;0
2441;43;69;255;sea;true;ocean;0
2442;114;18;255;sea;true;ocean;0
2443;127;117;255;sea;true;ocean;0
2444;31;48;255;sea;true;ocean;0
2445;36;133;255;sea;false;ocean;0
2446;89;120;255;sea;true;ocean;0
2447;109;7;255;sea;true;ocean;0
2448;63;51;255;sea;true;ocean;0
2449;95;112;255;sea;true;ocean;0
2450;17;102;255;sea;true;ocean;0
2451;140;54;255;sea;false;ocean;0
2452;68;117;255;sea;true;ocean;0
2453;64;62;255;sea;true;ocean;0
2454;130;72;255;sea;true;ocean;0
2455;103;14;255;sea;true;ocean;0
2456;47;3;255;sea;true;ocean;0
2457;30;89;255;sea;true;ocean;0
2458;16;16;255;sea;true;ocean;0
2459;93;63;255;sea;true;ocean;0
2460;77;72;255;sea;true;ocean;0
2461;59;93;255;sea;false;ocean;0
2462;43;40;255;sea;true;ocean;0
2463;76;20;255;sea;true;ocean;0
2464;81;63;255;sea;false;ocean;0
2465;103;54;255;sea;true;ocean;0
2466;12;33;255;sea;true;ocean;0
2467;19;91;255;sea;true;ocean;0
2468;112;15;255;sea;true;ocean;0
2469;100;47;255;sea;true;ocean;0
2470;51;120;255;sea;false;ocean;0
2471;85;55;255;sea;true;ocean;0
2472;2;6;255;sea;true;ocean;0
2473;9;113;255;sea;false;ocean;0
2474;76;134;255;sea;true;ocean;0
2475;60;81;255;sea;true;ocean;0
2476;55;20;255;sea;false;ocean;0
2477;108;2;255;sea;true;ocean;0
2478;145;23;255;sea;true;ocean;0
2479;57;107;255;sea;true;ocean;0
2480;54;97;255;sea;true;ocean;0
2481;2;40;255;sea;true;ocean;0
2482;150;107;255;sea;true;ocean;0
2483;116;75;255;sea;true;ocean;0
2484;87;58;255;sea;false;ocean;0
2485;18;100;255;sea;true;ocean;0
2486;154;100;255;sea;false;ocean;0
2487;105;35;255;sea;true;ocean;0
2488;37;3;255;sea;true;ocean;0
2489;40;41;255;sea;true;ocean;0
2490;25;57;255;sea;true;ocean;0
2491;111;10;255;sea;true;ocean;0
2492;96;86;255;sea;true;ocean;0
2493;25;86;255;sea;true;ocean;0
2494;90;47;255;sea;true;ocean;0
2495;8;33;255;sea;true;ocean;0
2496;104;40;255;sea;true;ocean;0
2497;56;69;255;sea;true;ocean;0
2498;40;4;255;sea;true;ocean;0
2499;100;140;255;sea;true;ocean;0
2500;93;95;255;sea;false;ocean;0
2501;61;65;255;sea;true;ocean;0
2502;81;143;255;sea;true;ocean;0
2503;11;96;255;sea;true;ocean;0
2504;134;65;255;sea;true;ocean;0
2505;150;40;255;sea;true;ocean;0
2506;67;43;255;sea;true;ocean;0
2507;49;77;255;sea;false;ocean;0
2508;142;40;255;sea;true;ocean;0
2509;36;136;255;sea;true;ocean;0
2510;84;44;255;sea;false;ocean;0
2511;30;16;255;sea;true;ocean;0
2512;22;39;255;sea;true;ocean;0
2513;25;95;255;sea;true;ocean;0
2514;72;47;255;sea;true;ocean;0
2515;88;17;255;sea;true;ocean;0
2516;83;136;255;sea;true;ocean;0
2517;22;59;255;sea;true;ocean;0
2518;35;69;255;sea;false;ocean;0
2519;80;27;255;sea;true;ocean;0
2520;34;133;255;sea;true;ocean;0
2521;142;41;255;sea;false;ocean;0
2522;95;48;255;sea;true;ocean;0
2523;26;26;255;sea;false;ocean;0
2524;93;78;255;sea;true;ocean;0
2525;3;38;255;sea;true;ocean;0
2526;23;153;255;sea;true;ocean;0
2527;78;122;255;sea;true;ocean;0
2528;76;56;255;sea;true;ocean;0
2529;34;0;255;sea;true;ocean;0
2530;95;149;255;sea;true;ocean;0
2531;73;33;255;sea;true;ocean;0
2532;83;4;255;sea;true;ocean;0
2533;32;37;255;sea;true;ocean;0
2534;49;71;255;sea;false;ocean;0
2535;95;45;255;sea;true;ocean;0
2536;82;21;255;sea;true;ocean;0
2537;89;98;255;sea;true;ocean;0
2538;49;105;255;sea;true;ocean;0
2539;30;6;255;sea;true;ocean;0
2540;56;126;255;sea;true;ocean;0
2541;37;53;255;sea;true;ocean;0
2542;24;61;255;sea;true;ocean;0
2543;113;44;255;sea;false;ocean;0
2544;73;80;255;sea;true;ocean;0
2545;67;64;255;sea;true;ocean;0
2546;25;14;255;sea;true;ocean;0
2547;23;12;255;sea;false;ocean;0
2548;38;108;255;sea;true;ocean;0
2549;120;91;255;sea;true;ocean;0
2550;17;33;255;sea;true;ocean;0
2551;18;114;255;sea;true;ocean;0
2552;124;41;255;sea;false;ocean;0
2553;54;92;255;sea;true;ocean;0
2554;76;87;255;sea;false;ocean;0
2555;37;78;255;sea;true;ocean;0
2556;138;149;128;lake;false;lakes;0
2557;248;73;128;lake;false;lakes;0
2558;236;123;128;lake;false;lakes;0
2559;38;4;128;lake;false;lakes;0
2560;42;150;128;lake;false;lakes;0
2561;159;18;128;lake;false;lakes;0
2562;134;97;128;lake;false;lakes;0
2563;220;230;128;lake;false;lakes;0
2564;189;91;128;lake;false;lakes;0
2565;24;206;128;lake;false;lakes;0
2566;78;97;128;lake;false;lakes;0
2567;31;164;128;lake;false;lakes;0
2568;27;64;128;lake;false;lakes;0
2569;100;210;128;lake;false;lakes;0
2570;144;36;128;lake;false;lakes;0
2571;181;117;128;lake;false;lakes;0
2572;168;30;128;lake;false;lakes;0
2573;37;174;128;lake;false;lakes;0
2574;16;26;128;lake;false;lakes;0
2575;125;135;128;lake;false;lakes;0
2576;157;251;128;lake;false;lakes;0
2577;233;112;128;lake;false;lakes;0
2578;227;244;128;lake;false;lakes;0
2579;53;55;128;lake;false;lakes;0
2580;52;197;128;lake;false;lakes;0
2581;98;130;128;lake;false;lakes;0
2582;159;174;128;lake;false;lakes;0
2583;28;111;128;lake;false;lakes;0
2584;35;239;128;lake;false;lakes;0
2585;181;130;128;lake;false;lakes;0
2586;158;215;128;lake;false;lakes;0
2587;213;89;128;lake;false;lakes;0
2588;218;213;128;lake;false;lakes;0
2589;77;42;128;lake;false;lakes;0
2590;75;204;128;lake;false;lakes;0
2591;124;72;128;lake;false;lakes;0
2592;134;145;128;lake;false;lakes;0
2593;22;43;128;lake;false;lakes;0
2594;33;193;128;lake;false;lakes;0
2595;90;7;128;lake;false;lakes;0
2596;117;166;128;lake;false;lakes;0
2597;180;25;128;lake;false;lakes;0
2598;168;117;128;lake;false;lakes;0
2599;131;214;128;lake;false;lakes;0
2600;157;67;128;lake;false;lakes;0
2601;231;204;128;lake;false;lakes;0
2602;212;37;128;lake;false;lakes;0
2603;13;157;128;lake;false;lakes;0
2604;97;71;128;lake;false;lakes;0
2605;182;189;128;lake;false;lakes;0
2606;204;82;128;lake;false;lakes;0
2607;238;171;128;lake;false;lakes;0
2608;210;35;128;lake;false;lakes;0
2609;71;154;128;lake;false;lakes;0
2610;79;57;128;lake;false;lakes;0
2611;154;100;128;lake;false;lakes;0
2612;162;246;128;lake;false;lakes;0
2613;231;133;128;lake;false;lakes;0
2614;40;251;128;lake;false;lakes;0
2615;176;168;128;lake;false;lakes;0
2616;201;246;128;lake;false;lakes;0
2617;0;153;128;lake;false;lakes;0
2618;0;242;128;lake;false;lakes;0
2619;51;130;128;lake;false;lakes;0
2620;94;213;128;lake;false;lakes;0
2621;176;106;128;lake;false;lakes;0
2622;236;243;128;lake;false;lakes;0
2623;46;99;128;lake;false;lakes;0
2624;51;209;128;lake;false;lakes;0
2625;104;54;128;lake;false;lakes;0
2626;153;236;128;lake;false;lakes;0
2627;217;33;128;lake;false;lakes;0
2628;180;135;128;lake;false;lakes;0
2629;47;83;128;lake;false;lakes;0
2630;31;178;128;lake;false;lakes;0
2631;241;216;128;lake;false;lakes;0
2632;215;136;128;lake;false;lakes;0
2633;113;214;128;lake;false;lakes;0
2634;102;103;128;lake;false;lakes;0
2635;161;230;128;lake;false;lakes;0
2636;194;104;128;lake;false;lakes;0
2637;4;203;128;lake;false;lakes;0
2638;13;71;128;lake;false;lakes;0
2639;43;171;128;lake;false;lakes;0
2640;122;45;128;lake;false;lakes;0
2641;184;207;128;lake;false;lakes;0
2642;229;89;128;lake;false;lakes;0
2643;223;175;128;lake;false;lakes;0
2644;31;22;128;lake;false;lakes;0
2645;95;130;128;lake;false;lakes;0
2646;152;39;128;lake;false;lakes;0
2647;119;51;128;lake;false;lakes;0
2648;127;166;128;lake;false;lakes;0
2649;248;6;128;lake;false;lakes;0
2650;253;167;128;lake;true;lakes;0
2651;63;26;128;lake;true;lakes;0
2652;77;121;128;lake;true;lakes;0
2653;135;11;128;lake;false;lakes;0
2654;119;105;128;lake;false;lakes;0
2655;178;209;128;lake;false;lakes;0
2656;242;120;128;lake;false;lakes;0
2657;28;197;128;lake;false;lakes;0
2658;94;66;128;lake;false;lakes;0
2659;92;169;128;lake;false;lakes;0
2660;149;81;128;lake;false;lakes;0
2661;227;169;128;lake;false;lakes;0
2662;243;84;128;lake;false;lakes;0
2663;209;143;128;lake;false;lakes;0
2664;219;226;128;lake;false;lakes;0
2665;29;166;128;lake;false;lakes;0
2666;72;29;128;lake;false;lakes;0
2667;123;77;128;lake;false;lakes;0
2668;129;219;128;lake;false;lakes;0
2669;187;127;128;lake;false;lakes;0
2670;254;193;128;lake;false;lakes;0
2671;61;105;128;lake;false;lakes;0
2672;46;225;128;lake;false;lakes;0
2673;168;61;128;lake;false;lakes;0
2674;179;223;128;lake;false;lakes;0
2675;160;67;128;lake;false;lakes;0
2676;235;163;128;lake;false;lakes;0
2677;83;45;128;lake;false;lakes;0
2678;24;151;128;lake;false;lakes;0
2679;251;48;128;lake;false;lakes;0
2680;204;206;128;lake;false;lakes;0
2681;59;89;128;lake;false;lakes;0
2682;124;215;128;lake;false;lakes;0
2683;137;18;128;lake;false;lakes;0
2684;169;181;128;lake;false;lakes;0
2685;244;56;128;lake;false;lakes;0
2686;22;116;128;lake;false;lakes;0
2687;73;47;128;lake;false;lakes;0
2688;83;152;128;lake;false;lakes;0
2689;161;26;128;lake;false;lakes;0
2690;152;104;128;lake;false;lakes;0
2691;200;223;128;lake;false;lakes;0
2692;242;128;128;lake;false;lakes;0
2693;83;221;128;lake;true;lakes;0
2694;73;71;128;lake;true;lakes;0
2695;29;146;128;lake;false;lakes;0
2696;67;11;128;lake;false;lakes;0
2697;173;163;128;lake;false;lakes;0
2698;187;15;128;lake;false;lakes;0
2699;237;145;128;lake;false;lakes;0
2700;197;9;128;lake;false;lakes;0
2701;99;160;128;lake;false;lakes;0
2702;48;23;128;lake;false;lakes;0
2703;97;148;128;lake;false;lakes;0
2704;136;218;128;lake;false;lakes;0
2705;254;139;128;lake;false;lakes;0
2706;244;214;128;lake;false;lakes;0
2707;48;63;128;lake;false;lakes;0
2708;54;202;128;lake;false;lakes;0
2709;144;128;128;lake;false;lakes;0
2710;208;210;128;lake;false;lakes;0
2711;59;131;128;lake;false;lakes;0
2712;63;218;128;lake;false;lakes;0
2713;224;90;128;lake;false;lakes;0
2714;199;191;128;lake;true;lakes;0
2715;37;71;128;lake;false;lakes;0
2716;52;189;128;lake;false;lakes;0
2717;93;106;128;lake;false;lakes;0
2718;153;213;128;lake;false;lakes;0
2719;205;56;128;lake;false;lakes;0
2720;205;175;128;lake;true;lakes;0
2721;3;71;128;lake;false;lakes;0
2722;37;186;128;lake;false;lakes;0
2723;78;23;128;lake;false;lakes;0
2724;131;116;128;lake;false;lakes;0
2725;221;58;128;lake;false;lakes;0
2726;208;154;128;lake;false;lakes;0
2727;157;238;128;lake;false;lakes;0
2728;183;94;128;lake;false;lakes;0
2729;1;194;128;lake;false;lakes;0
2730;53;52;128;lake;false;lakes;0
2731;61;215;128;lake;false;lakes;0
2732;79;69;128;lake;false;lakes;0
2733;142;210;128;lake;false;lakes;0
2734;222;69;128;lake;false;lakes;0
2735;247;174;128;lake;false;lakes;0
2736;9;18;128;lake;true;lakes;0
2737;130;8;130;land;true;plains;0
2738;117;174;251;land;true;plains;0
2739;71;166;125;land;false;plains;0
2740;223;130;207;land;false;plains;0
2741;18;8;73;land;false;plains;0
2742;97;250;15;land;false;plains;0
2743;149;248;170;land;true;plains;0
